perclos,avg_ear,max_mar,blink_rate,img_path,target
0.5951244070041724,-0.03570174219035862,-0.6471175024266475,0.02833296162865705,,0
37.294347325500006,0.41531461728526853,1.1683321445547923,-0.48816462574002684,,1
27.326352554158312,1.2105356086289958,2.281029425083166,-0.35335656779922275,,1
-7.680174739310617,-0.014006559258868113,-0.5307572069908078,0.9434331554999444,,0
42.66016284242593,-0.09422129262716868,-0.13511244556160731,0.13641101393400015,,1
0.5266666666666666,0.2010872339795916,1.2786000071981232,5.9,eye_1_20.jpg,1
-6.20273399688992,0.1927166564011711,0.40958153043301804,-0.0783895652850046,,1
34.885931388908254,1.4716886541693026,2.0399450143020186,0.06664843684046769,,1
-7.439665670249695,0.1849337288001825,0.6981755627164449,-0.37603159547139076,,1
47.07596915525172,-0.7326385415778296,1.2589203242362559,-1.0435807519841431,,1
-12.773509409886197,-0.14946198672308653,-0.4935483892748774,0.7045731448899881,,0
-2.6264567057365875,-0.3276388768406878,-0.10988772767715117,-0.29249266134844587,,0
106.70504739611766,-1.461904718247214,3.6660866584901957,-1.5245625813215955,,1
31.85628076677369,0.6707362789359917,0.7327973987264571,0.6276720949179776,,1
73.19550741456717,0.14107297756989592,-0.2896620610108289,-0.008439526784739082,,1
36.84623520048753,0.14872200375231487,0.6476849529820244,-0.1580345206042775,,1
38.89198461067245,0.25111630130857454,0.2346689843964773,-0.052725577600350335,,1
-0.19700618226897645,-0.1590021941395222,-0.8177858547149942,0.14841968641237174,,0
-13.558575935766731,-0.36364234907412396,-0.5828495517931105,0.6330203663812788,,1
41.399563618940405,0.5099990861627756,1.0026765696940378,0.451638666491251,,1
0.6466666666666666,0.1888260157800315,1.2786000071981232,6.8,eye_1_18.jpg,1
37.59459989091962,0.23881059174804595,0.4349038386209427,0.09579425037825115,,1
34.11635509048187,0.8011498223636028,-7.031412489292658e-17,0.23968256068659502,,1
4.607651391959484,0.5983804648060234,0.0071111813453485165,0.17994245166809678,,1
37.299792029103784,-0.07827741627211626,-0.13793431476706144,-0.3207020178200914,,1
108.02442360734125,-1.5569497182356888,2.0059719452116167,-1.5279167084438932,,1
-4.3417175828356305,0.43748625132035474,-0.26285371943610875,0.957112363156021,,0
39.65192029516011,0.2529412160695589,0.8530679150717528,-0.5918110220462728,,1
98.11018372379996,-1.2860157778388546,4.150286783196448,-1.3226441285592898,,1
38.06680685395806,0.036062973983178,-0.19200189632438955,0.17543919948870743,,1
12.546241228664458,-0.548581212289948,0.45687040990315875,-1.1672085697645644,,1
15.358900899417428,-0.5783318365982845,0.11484988380932278,-0.7626297522442992,,1
0.4573277330674021,-0.09602745159126776,-0.6186727770452564,0.11389475303705368,,0
-4.6147933628037086,0.055218268783704574,0.53944884496056,-0.2969185651430389,,1
65.9630016126832,1.270142296122547,1.6875908754680333,0.7928506384110293,,1
0.6083333333333333,0.1926502929553942,1.2786000071981232,6.4,eye_1_19.jpg,1
-4.20825945643055,0.11694123035802735,-0.14669787396601444,0.7497424198943082,,0
0.6968849546051548,0.2023379789531112,0.09756270919510482,0.27044430763869515,,0
0.7545422200462774,-0.10817446496843745,-0.17269121253251177,0.0600802635730419,,0
10.195953164061589,-0.5433937119159166,0.7078503042941937,-1.0853990317760558,,1
-7.054942710404341,0.33799797161962636,0.7991834740156444,-0.20784725127685283,,1
34.51539493532107,0.23295127578208438,-0.06896715738353085,-0.3280162743668654,,1
0.92,0.1179757798365378,0.9869480635905395,15.933333333333334,eye_1_9.jpg,1
75.41772052439008,2.5175778154591457,1.0701091285511706,3.7978943534895504,,1
50.42504547593559,0.14238553166981022,0.8320082174056908,0.28051508367445765,,1
-11.819483549777427,-0.37372945537465085,-0.3000625371520391,0.13741215053418868,,1
27.224128163592642,-0.21318262985959915,-0.5013330645678171,0.4910695883968456,,1
0.325,0.2276875032982565,1.0625409082939037,3.466666666666667,eye_1_22.jpg,1
0.1583333333333333,0.2452596223870116,1.4213231560610884,1.0333333333333334,eye_0_19.jpg,0
66.51209831044366,0.4065795558681098,-0.02758686295341249,0.06695357915893158,,1
-6.534799974833817,0.3949941585965636,0.7270349659447873,-0.07562337541338394,,1
22.73972137912352,-0.08390636735329668,0.36397680050058207,-0.02530726249509267,,1
0.21117640709604926,-0.15346330664961838,-0.27733607246856284,-0.5300703086156159,,1
33.81897463223351,1.3359249250285612,0.34483578691765315,0.3848424213841101,,1
-6.326258967049219,0.30438195389610895,-0.2405284288065505,0.953955622927696,,0
0.1333333333333333,0.2644418002154758,2.0,0.4666666666666667,eye_0_43.jpg,0
-4.403319766323646,-0.1233959888874699,0.4528706352755322,-0.3444970309349148,,1
-3.010897775957203,-0.5630134751978606,-0.4562005664172636,-0.42969567898083205,,0
0.7584994537872654,0.28688628643198094,0.16512618962700895,0.27105940718274685,,0
41.31618007938889,0.35949564571940157,0.8530679150717528,-0.38248594715326584,,1
-2.6038491578324274,0.20655297213626211,0.23642511106296146,0.011234986555505703,,0
1.6890857922405658,2.8460850903285193,1.4577921757962955,3.090544443613379,,1
36.466806808085316,0.11780249792968824,0.5058308767413033,-0.2956058392283962,,1
40.57972740686403,0.29819445373188685,0.7974330510453342,-0.453615826971278,,1
0.04523580959387539,0.030229465001213575,0.46433588868258463,0.0877597430553647,,1
92.18533884247098,1.4181622475070335,1.557776192739723,1.3422442815768183,,1
-1.5348673228928316,-0.3773238287985146,0.3374330223621611,-0.41752444354570095,,1
1.37623927379691,2.349752606994094,1.2302343727451663,2.542648761787681,,1
-0.3053307196661652,0.41188009468954667,0.6284186268743517,0.28459159715188226,,1
14.090143273786202,-0.6922806240404575,-0.2391850969493004,-1.237299781023907,,1
0.1133333333333333,0.2828235673435343,1.8781009159612607,0.4333333333333333,eye_0_5.jpg,0
0.1366666666666666,0.2620944391046081,1.4131404913225143,0.8666666666666667,eye_0_2.jpg,0
-6.777281430035294,0.3923998493962341,0.784753772401473,-0.11988241335931499,,1
-4.516523260808782,-0.17358003035893282,-0.17355255691787572,0.5004372767916111,,1
12.195987661972264,-0.6608246309872083,0.16641513776452896,-0.892249796246735,,1
-3.3380952399574446,-0.1993666178941143,-0.2405284288065503,0.5314785557034779,,1
0.14,0.2604745940693195,1.3154328386210072,0.5666666666666667,eye_0_35.jpg,0
22.712276270314288,1.1417586615210524,2.299574379758639,-0.4055184796657652,,1
1.0848233427242344,-0.37646373341705086,-0.13511244556160723,-0.6246386043827912,,1
36.19652015989164,0.26811100249950454,0.027586862953412075,-0.241933101162525,,1
-3.6991594837227533,0.18972927004927656,0.27971421590547557,-0.051280904543121834,,0
105.57800722843143,-1.197375177263665,0.5672058603701816,-1.2206786640414475,,1
47.231687671796244,0.28880481835944205,1.6284605280846418,0.1544240226515573,,1
-5.113737998593773,0.09358259877645675,0.4240112320471894,-0.2587451449146733,,1
-7.56228765701166,0.15906925222719995,0.6260270546455882,-0.3937352106497631,,1
-7.359947284373181,0.25663100124565397,0.741464667558959,-0.3140689423470873,,1
-1.842690793109075,0.33005781315801175,0.14984690137793327,0.3619878622770091,,0
27.936734083408965,0.46618523066652584,0.40653302337279834,0.4242215532907597,,1
0.8176420011084626,1.589961736096416,0.4906715128289973,1.6404972418500254,,1
0.1983333333333333,0.2680652024928582,2.032533790401599,0.6333333333333333,eye_0_23.jpg,0
30.847459118569006,1.9261148887564234,2.318119334434112,0.32136114933163484,,1
-4.444362895685813,0.04672780230989872,0.7991834740156442,-0.20065515761063896,,1
25.49250434341398,-0.2013832641278447,0.46327465386908695,-0.1919429442088138,,1
-5.925241850295717,0.06300119638469319,0.17870630460627604,-0.16524792725389417,,1
0.8655360533377561,-1.990705526883002,-1.5094556157796724,-1.2098957538811623,,1
-0.9965483483296754,-1.0013381133919599,-0.7471174938416353,-0.853006588257168,,1
14.215917776216733,-0.6476663662406604,-0.23918509694930037,-1.1539154090084827,,1
0.30430933352133727,-0.1349200746182012,-0.6755622278080387,0.07036331530295711,,0
0.9740078066285497,-1.9405304978252682,-1.4063251078692598,-1.213482079209293,,1
0.865,0.1317818190236067,1.078037881889465,13.166666666666666,eye_1_12.jpg,1
36.449676858089724,-0.045407706900054,0.46327465386908684,-0.39733111004200516,,1
0.5618018732651521,-0.43146627601377285,-0.2069014721505921,-0.25824951961302095,,1
25.077959553520827,-0.19759368681253667,0.4916454691172312,-0.2219761194014031,,1
-13.431320520252276,-0.018860505147843463,-0.4340142809293887,0.8113761892816648,,0
-0.06371756050846446,0.35343491182671466,0.14582233807503633,0.4537439717660771,,0
-7.504556661864877,0.13061046645388782,0.6115973530314169,-0.35002941067815624,,1
-4.0947095596126974,-0.3863952204286958,-0.31494606423841126,0.38679462857189634,,1
25.461884557796868,0.44051945703103074,0.23630813188393276,0.8272473881332483,,1
0.7884960327652478,-0.8744635024981326,0.6087087282021459,-0.6638935617400732,,1
19.926107534172626,-0.1937408170337994,-0.15217718205053615,-0.09167947467613026,,0
6.82000235072688,0.23304009901791786,-0.004843797725293301,0.5937636713134414,,1
16.192226242061157,0.2794624211304409,0.1653810937635723,0.47266215844009735,,1
0.7131946749768897,0.08874635974485878,-0.008608474340744547,0.15234519518078457,,0
48.174232944392806,0.35105709732205675,0.23466898439647718,0.1484196864123716,,1
-2.075136977669802,0.3199164226476326,0.22199540944879007,0.2502337914635333,,0
48.0480528505263,0.42727700560703774,0.4906715128289973,0.19495329226606103,,1
1.6661058792394114,-0.030329543196955275,0.3628088549230968,-0.3792866776767854,,0
14.512809690871217,-0.8403895845269937,-0.408495895913412,-1.222798151108181,,1
16.62475747944967,0.11676897684369512,0.05189783277099528,0.3234650945801378,,1
0.0983333333333333,0.2705152561553238,1.3154328386210072,0.6333333333333333,eye_0_33.jpg,0
42.11087105948998,0.8990458119444699,1.205422053905738,0.17706910741509593,,1
-0.9890726314709535,0.4591443497319855,0.3518627239763324,0.48923259637156075,,0
26.692671464979625,0.4535245973631105,0.1937519090117165,0.5114146425595674,,1
50.825016344906125,-0.15201837947833916,1.656905253466033,0.08987740808031079,,1
-6.397576105510311,0.35151982563346534,0.6260270546455878,-0.026938433672859793,,1
42.0326672327691,0.5617756431336157,0.7751187666429087,0.28651941991364344,,1
-2.3136823184568867,-0.2036946902117407,-0.10512773210060761,-0.0604792470610751,,1
0.8566666666666667,0.1330147600171992,1.1042693967223274,13.0,eye_1_13.jpg,1
0.20241565444619883,0.27663148747568034,0.09756270919510482,0.44267217997314806,,0
-7.688856098519991,0.09311090619457867,0.2508548126771328,-0.10273203615526662,,1
-0.8490620323764844,-0.0031165595769666017,0.6187667010983656,0.24214972861232067,,1
-4.531015766330936,-0.0022496107751108626,0.7703240707873015,-0.2028681095079356,,1
35.29720912314492,0.37214328031771465,-0.2206949036272982,0.019692229164391846,,1
35.37725251385013,0.48109502607169574,0.12414088329035501,-0.11534019939143624,,1
-3.6917914640636718,0.10936207572741137,-0.24599572733451935,0.6063582286522688,,0
36.48586387745541,0.05458545816977757,0.6193141377338801,-0.23457067674023083,,1
-1.0687069967477665,-0.2521002097607119,0.1844300411789816,0.14434890110811352,,1
1.2766516913420125,-0.5575630624815435,-0.6586289255187705,-0.42449050702055374,,0
0.8733333333333333,0.1292915880860575,0.9869480635905395,15.6,eye_1_7.jpg,1
40.13195439024011,-0.0216137022703858,0.007111181345348309,0.1889489560268754,,1
36.770842189189565,0.05657388126136345,-0.11034745181364923,-0.2723153975875863,,1
2.7267668498952276,0.14527538601236872,-0.7040069531894297,0.6963153682380696,,0
0.43249228602065865,0.7093990357993134,0.5475609635917795,0.7278381334937944,,1
34.888752408810994,0.1934508420625135,-0.19310804067388596,0.03150756666302679,,1
41.65072209149377,0.6381159620162032,1.0026765696940378,0.5101809448233119,,1
15.734214204054204,0.06715996471602675,0.06608324039506727,0.32055865827117735,,1
0.1574997957369589,-0.0721861532651599,-0.22044662170578064,-0.4309987606690512,,1
96.20328921565064,-0.9384146792481907,4.55148117223877,-0.9442985891641389,,1
18.232617410910233,-0.3297982590624863,0.009341609898778991,-0.06696618292352295,,1
0.42,0.2236703646098793,1.024220323928403,4.566666666666666,eye_1_47.jpg,1
15.209215900825729,-0.748956294559386,-0.33324665192936254,-1.0886580743877157,,1
25.960794351418276,-0.13963037923975755,-0.4020352111993127,0.6586740822135534,,1
39.296635805025744,0.19572677021454526,0.8345229603962799,-0.5891013123389203,,1
-0.1925998932768121,-0.23269347987476446,-0.8746753054777766,0.07036331530295725,,0
-0.9044158513746047,-0.42390550887405326,-0.24889134708717178,-0.825783868395513,,1
-4.272710893288937,0.15147805998162975,-0.18925409683823083,0.7448983593793745,,0
11.21374131727946,-0.8259072701113961,0.3211108996301475,-1.1120403056421693,,1
1.752850381320744,-1.8455182087584958,-1.2516293460036416,-1.1438049014056118,,1
4.409949005526354,-1.1930127602720069,0.2628514962691086,-1.0093686553367094,,1
41.72199939726138,0.3926879984541046,0.7788880963698617,-0.312033494762092,,1
23.516778735798223,-0.030249397638822055,0.42071843099687073,0.05122889364086067,,1
43.95120517892133,0.25914020802839316,0.1517277462437673,-0.05570087677927881,,1
35.83129543732899,0.008826104237706392,-0.20690147215059213,-0.11702810474838407,,1
-0.4502320448735541,0.42077236791039474,0.5898109237704063,0.33072406295575363,,1
0.1983333333333333,0.2661883202512729,1.5092629647982203,2.6333333333333333,eye_1_44.jpg,1
93.51724104479267,-0.9375793228029796,1.3004231920682205,-0.9919271943007624,,1
-7.663373276443479,0.2946022540868411,0.6548864578739308,-0.21835877278901145,,1
16.160740843550645,0.35226120329812266,0.5191162382103888,0.0013134485523212725,,1
-0.1321740058782645,0.4802932289854259,0.48363974023455725,0.2556819185814562,,1
-6.5347785606180855,0.15451637457399492,-0.32238782778159736,0.8829289677903741,,0
105.61058874400334,-1.4270981996967471,5.243195636104845,-1.4615049914224039,,1
-3.7999242734107996,0.06862411958785038,-0.28855195020673574,0.8330602607511687,,0
16.691778408807394,0.037962994036721945,0.0802686480191395,0.24208487792925062,,1
-3.2372341033162315,-0.3375807716901543,-0.12443158365258027,-0.12752509736270143,,1
-2.7135042218563457,0.03627195007826746,0.1354171997637619,-0.05349385644041841,,0
-6.336011411467061,0.2793508606061158,0.5105894417322171,-0.0313643374674529,,1
0.1366666666666666,0.2614162924695786,1.4131404913225143,0.8,eye_0_3.jpg,0
-3.0040196691135437,-0.5251994532172993,-0.3551926551180641,-0.4927648080537838,,0
14.12467117859356,-0.6882601531340806,-0.2579974079453128,-1.0995342968245105,,1
13.143321754587525,0.8486093840653114,2.485023926513368,-0.5769076186558323,,1
50.864072088245756,-0.13034447190915024,1.6284605280846416,0.15292293859176098,,1
0.9395467518605789,-0.48963174984259167,-0.4551832387313025,0.15303675236327205,,1
0.2033333333333333,0.2646111270049387,1.952666781749795,0.6333333333333333,eye_0_22.jpg,0
-2.246631245817531,-0.7915169772382845,-0.19199506408448438,-0.5986913481062405,,1
47.69715201805942,0.3770657864050833,0.43378206206621506,0.3720812113220401,,1
38.4092956801672,0.48386998648214224,0.5760056889731712,0.3525671185446865,,1
35.14322761550167,1.2468179401468094,1.9843101502755998,-0.10406327472276139,,1
0.4479582683289423,-1.8392099362464016,-1.4836729888020699,-1.0638810798072718,,1
7.45680824181274,0.14587982076583383,-0.07577083584565392,0.5714809929447461,,1
56.26647747083703,-0.041304505470511683,0.2781743201320934,-0.24835531663930027,,1
-11.780605363873702,-0.7090309362365265,-0.471223098645319,-0.07672006162055195,,1
11.376679738180098,-0.7889310881558901,0.24376301869733824,-1.0541467682023462,,1
46.34482186919157,0.5093970331747426,1.8844630565171618,0.22647605752178618,,1
-11.944692744981163,-0.5317102254798957,-0.5902913153362964,0.36154070674529315,,1
15.847271874025068,0.19867552290864757,0.10863946326728376,0.4910695883968456,,1
0.9779632990038529,-0.21660127940731666,-0.289662061010829,0.21098816961848155,,1
0.025110840108753522,-0.17718419437811952,-0.8177858547149942,0.06135681094417865,,0
77.92527324451895,1.5747543980962782,1.8174055581963435,1.2196299173191023,,1
44.225075963488045,2.2404316416152112,0.7627127698096896,3.8508831983987144,,1
0.6589029073902519,-0.09899534422433615,-0.15338736098053918,0.12466571569846176,,0
0.0583333333333333,0.3008891266314231,2.0010127392882726,0.6,eye_0_27.jpg,0
-2.8585082448226786,-0.16081693371646602,0.03440928846456243,-0.3666265499078803,,0
20.631792586228197,0.006426929430639827,-0.6124814666653573,1.9470696991622822,,1
22.95669330970492,-0.27844626640796105,0.24376301869733824,-0.5674311879560461,,1
-3.7699468609185263,-0.04635510122888095,-0.37366439595116846,0.4581299768952961,,0
18.16162637167998,-0.39306272543539517,0.29532827265254447,-0.7108842010812714,,1
0.775,0.1564851602241255,1.1136973132425152,13.666666666666666,eye_1_6.jpg,1
-0.683222388627891,0.6519880002898158,0.6981755627164449,0.5915816216215262,,0
-4.926576832108185,0.19243743796155657,0.5748935949396595,-0.08712758905180609,,0
169.5564049731616,2.177758974431513,0.9568578384885195,3.4421121090994413,,1
49.19729313402802,-0.2157155856122332,-0.931564756240559,0.3315519417075364,,1
-3.488801556615992,0.12908510311844615,-0.23181031971044722,0.5646993082238386,,0
10.11963828515062,-0.5047676740726322,0.6305024233613847,-1.0705413982738003,,1
-4.91066471293097,-0.2286620500765996,0.4817300385038745,-0.2653840006065632,,1
-2.449485704409294,-0.8255084087437841,-0.1919950640844844,-0.5568645791107304,,1
37.294825765996876,0.19462756532184136,0.46327465386908684,-0.01755676567119864,,1
-3.9655053628499335,0.2238367893009241,-0.3819219361270861,0.8808244743048238,,0
0.18,0.2427801467995728,1.952666781749795,1.0333333333333334,eye_0_20.jpg,0
53.79458486037913,-0.07928134148228902,0.2410844107811476,-0.2612264377492263,,1
38.45035428213963,0.5730942393086365,0.5760056889731707,0.44113107807267593,,1
13.476309418006263,-0.134077200434955,-0.8462305800963852,0.25049340247852897,,0
-5.34708622995367,-0.04580255916852226,0.4528706352755322,-0.2670437145295355,,1
0.75,0.1687503670405125,1.1136973132425152,12.266666666666667,eye_1_5.jpg,1
40.175756924152694,0.12784691372105333,0.7417981870189155,-0.6101015625709045,,1
-2.655322203309979,-0.2628597622627619,-0.03773921960629435,-0.2864070436308804,,0
-7.147233373544267,0.3237685787329703,0.784753772401473,-0.24934009935116314,,1
-5.863959045877208,-0.013255771018933203,0.07769839330707654,-0.13924574246065965,,1
0.105,0.2734581778700959,1.3154328386210072,0.7333333333333333,eye_0_32.jpg,0
0.18,0.2425430977126868,1.3208565867315554,1.4,eye_0_17.jpg,0
0.9616475368069186,0.09217431246785592,-0.4764491501383008,0.2805150836744576,,0
35.61052343268103,0.28170171681675915,0.17956650138764427,0.5860131744895475,,1
31.22482798506145,0.5855569160987278,0.6760557682301687,0.5385413814431963,,1
4.24413255010594,0.04545500059649318,-0.5902280516638654,0.32404652140855433,,0
10.24426540595281,-0.5840578070323392,0.6562850503389879,-1.1099909768832374,,1
0.14,0.2814576533940769,1.808817972974265,1.1333333333333333,eye_0_13.jpg,0
50.595488745587026,-0.14274676346263057,1.8275736057543797,0.24148689811975052,,1
47.80530638423071,0.4648451120602984,0.5191162382103883,0.3630747069632615,,1
36.49250173307868,0.7408434592691897,0.3923476157487262,0.7778379708809239,,1
-4.953342802116628,0.06614581359721385,0.409581530433018,-0.301344468937632,,1
-2.28210034015402,0.22400559766575193,0.2075657078346187,0.21814598895273324,,0
2.2405886195219016,-0.5975478051735865,-0.6586289255187704,-0.4337124864357467,,0
6.329896788263336,-1.8121328896175666,-1.5094556157796724,-1.170446175271725,,1
-5.905711973664535,0.38894679243060143,-0.2033196110906199,1.0102508236661658,,0
1.271289481438091,0.1936804462502239,-0.6186727770452565,0.5777297275141516,,0
74.92896090270519,-1.4141965834873744,3.1403836659519797,-1.4521134354799705,,1
89.32473570233043,-0.7522230093488924,1.729286159665187,-0.5954693684452051,,1
28.065208708375852,-0.23703974159460628,0.47746006149315906,-0.16675382953115828,,1
40.90686039527115,0.35093668672445016,1.2017896473637752,0.42461915341491524,,1
31.254202854022065,1.7001477306496011,2.132669787679383,0.19400479308605126,,1
0.4283333333333333,0.2143894054045821,1.1870524037788677,5.033333333333333,eye_1_21.jpg,1
0.7113824838244746,-0.050804960317804834,-0.19199506408448438,0.2261571404669786,,0
-12.29050397749327,-0.3917800666492779,-0.24797019234973652,0.1984424616151467,,1
57.45756110086746,-1.5091487660930478,0.8715602244712543,-1.672144174702683,,1
-2.9383027668672317,-0.06611063466083796,-0.20331961109061997,0.6545914246081691,,1
2.3316028416434134,3.3226702356554623,1.7422394296102064,3.522856652834752,,1
50.6241296240361,-0.17164530688821572,1.9697972326613356,0.23097930970117542,,1
88.85839610276155,0.20519690097261456,-0.41833639798652705,1.4663851774862842,,1
10.360891773320782,-0.6515077977385768,0.5531545424285755,-1.1222869494368282,,1
39.27251917836915,0.3351025805660294,0.22069490362729796,-0.17047844105173265,,1
35.74933740916543,0.7141454686325354,1.4094165553359395,-0.2171936550047426,,1
12.667555102080861,0.3544285940550416,0.5191162382103888,-0.028708232643607463,,1
10.028552784514945,-0.5950244961687491,0.5273719154509722,-1.0193081793005054,,1
37.02781267044072,0.192388269635523,0.6334995453579523,-0.13962709064752926,,1
102.82259195990419,-1.4025015932544171,5.257029925382167,-1.432659498170646,,1
46.00183015801019,-0.8894071011291328,1.0514059850764335,-1.07376789608482,,1
-6.689162733341522,0.38257292060710696,0.7126052643306161,-0.10826441589850806,,1
3.9569226221621503,-0.10168674967877815,-0.36267024861273633,-0.5435800651537838,,1
35.62893975307291,0.12747209562982384,-0.23448833510400435,-0.03882182320980031,,1
110.38921102788272,-1.3565569887678008,0.40119438904232363,-1.2622698403579358,,1
0.0483333333333333,0.3110659149915039,1.808817972974265,0.2,eye_0_10.jpg,0
39.14975251671405,0.11842382274609585,-0.021333544036042765,0.30303134457140424,,1
-12.12086256982813,-0.4120301221548469,-0.26285371943610863,0.10584474825093455,,1
4.972538196020241,-1.836686627241564,-1.4063251078692602,-1.2283397127115483,,1
-2.9396649193911033,-1.004501263253758,-0.3464258765002654,-0.7260169537249251,,1
-7.178753324121187,0.07556391097363019,-0.5009901528180635,1.0091985769233907,,0
1.1683425477120744,0.021132059879958934,-0.10666772018021622,-0.1397884530685434,,1
35.61098291127268,1.1003928165213475,1.8730404222227626,-0.18738684822386126,,1
-2.011120362989391,-0.27691252052211046,-0.17269121253251182,0.11666942162579072,,1
-2.875478000232035,-0.07709150043310291,0.1354171997637619,-0.1796321145863218,,0
30.549479706485524,0.5323305801700837,0.6476849529820244,0.5094770183535938,,1
0.9838488424380594,-0.17058978518451978,-0.35862921839435963,0.21661452080830773,,1
-3.7618101346706236,0.12477876526014156,-0.2318103197104473,0.5511359387820244,,0
-4.084478458059086,0.23892952729945682,-0.38192193612708614,0.9302800712152554,,0
107.06344406740862,-1.263089884286946,0.304354364101073,-1.1462170419264446,,1
34.48230210109682,0.5055451586914294,0.5342016919894473,0.6586740822135536,,1
39.87819220146411,0.05075306689118382,-0.10666772018021622,0.31053676487038634,,1
14.185876095699886,-0.6385878835488416,-0.25799740794531273,-0.7224919190156339,,1
44.031520148305376,0.5225217883138623,1.8844630565171614,0.37508337944163306,,1
109.02779415140508,-1.4728571694177608,1.715451870387865,-1.4682132456669987,,1
42.74616691323774,0.3099264799535556,0.15172774624376725,-0.06301513332605282,,1
1.4168973040427892,0.0714636896795199,-0.07822299479882515,-0.14279062118813626,,1
0.79,0.1725243998546867,1.1567052857189537,11.066666666666666,eye_1_0.jpg,1
-2.69705320592493,-0.903387511307018,-0.3657297280522381,-0.7721494195287966,,1
3.600013213796852,-0.127334206968985,-0.16355717094299854,-0.5285692245558197,,1
16.675332560631656,-0.42605984319096485,0.24376301869733819,-0.6873169203535558,,1
0.12667346097383209,0.06077872622767545,0.5029435917865297,0.0490084717801128,,1
36.45867008183742,0.26585439349819856,0.605128730109808,-0.22488255571036328,,1
3.3512581716028564,2.580820543801169,1.5715710773218596,2.6192040488372994,,1
-3.1968885503607547,-0.332355802659469,0.35186272397633267,-0.4839130004645977,,1
26.910221829923557,0.43397382348640784,0.26467894713207707,0.4997888973237264,,1
0.7216666666666667,0.1737862002004166,1.2786000071981232,7.933333333333334,eye_1_16.jpg,1
63.44808439859584,0.21732473057434207,-0.11034745181364922,-0.010127432141686881,,1
-0.5029464389230909,0.10576856061907074,0.041380294430118175,-0.12434236129515812,,0
40.41397553581792,-0.31033361194294945,0.023527017522850985,-0.01949438987717205,,1
1.6892172858337204,-1.195797281756044,0.34585723193303763,-0.9872314163295461,,1
35.10320020957736,0.35159726717420176,0.11034745181364887,-0.2588121547320036,,1
-2.762292087411871,-0.9117060894813599,-0.3753816538282243,-0.7198659582844091,,1
-4.592298570749444,-0.0017779181932327341,0.582737949803074,-0.29415237527141824,,1
2.9590984513002465,0.5045806092704782,0.12089008287091274,0.15892727483094637,,1
3.2785544032321483,0.278449506965274,-0.02133354403604284,-0.12327652841078297,,1
0.225,0.2389224941923031,1.952666781749795,0.7666666666666667,eye_0_21.jpg,0
-12.423313419565403,-0.17289744421829564,-0.5605242611635521,0.7998014751111382,,0
-1.869132039909701,-0.2517749865886266,0.3807221272046753,-0.21780553481468728,,1
12.573880524953243,0.916090533619047,2.6148386092416778,-0.5321974084845104,,1
14.165527864096475,-0.6868335344253661,-0.2768097189413252,-1.037902369682675,,1
0.943822094974981,0.11517273661071746,-0.6186727770452564,0.4681505911490119,,0
0.3466666666666667,0.2215638413318729,1.0009194507097576,1.4333333333333331,eye_1_31.jpg,1
35.55378047332064,0.13804228586371964,-0.17506868921415866,0.6402666522568053,,1
-2.1783649582496447,0.28564009503115717,0.20756570783461864,0.27734245220541603,,0
1.2568688992819175,2.072567411303689,1.116455471219602,2.1328528134632556,,1
-7.676340199181527,0.10278060412307975,0.2652845142913041,-0.12043565133363902,,1
-5.031960436293752,0.1734988583231374,0.3894440481849306,-0.14470892033305396,,0
40.7346754333628,2.232509137411403,1.0053941056582272,3.65028257124259,,1
48.467515175161466,-0.5018017105511327,1.3972632170094705,-0.8376373466750803,,1
35.445219415223626,-0.4531317753243283,-0.06158542822158166,-0.26654147613879375,,1
-0.32713941465613383,0.6182619806855317,0.7558943691731302,0.5014038318066918,,0
1.0012914529794346,-0.24828844052301627,-0.3172489239642412,0.2503726279472647,,1
-8.977088660059028,0.0019962935938474795,-0.5009901528180635,0.9045000260172645,,0
-3.4919515195112947,0.11409210646737206,-0.3893636996702721,0.7240397096313279,,0
34.472912012714154,0.21602251847369694,-0.11034745181364927,-0.18454431902629817,,1
197.70442338154365,2.0430764029667734,1.005394105658227,3.0655128184950176,,1
0.6395878686523744,-0.09373965023674227,-0.6755622278080384,0.22347388940219334,,0
61.39242459184848,0.30095568548244434,0.15172774624376728,-0.015191148212530415,,1
46.77804019146661,0.14924893573338677,0.32000316054065064,0.16192944295053951,,1
50.12021039202314,-0.4029540648905041,0.3768926113034328,0.17543919948870737,,1
0.50411740301141,-1.9201499250938872,-1.5094556157796728,-1.1479035589234752,,1
35.57519291081514,0.377216290513954,0.3923476157487262,0.6363914038448585,,1
5.604674419368267,0.005599092788706868,-0.5617833262824742,0.2534955705981219,,0
40.352628821236074,0.22722461845528447,0.7788880963698614,-0.5559073684238477,,1
97.5776686305817,-1.1007522817675688,4.205623940305734,-1.1502419944732016,,1
-0.20201332885098092,-0.15538987621132402,-0.7608964039522118,0.11089258491746087,,0
14.659573314089515,-0.747918753680321,-0.33324665192936254,-1.0584463453966197,,1
-8.558880204172311,-0.5770642823800091,-0.4414560444725747,0.14583012447638985,,1
0.9165396275268629,-0.1260251932957732,-0.27586862953412283,-0.019692229164391322,,1
-1.72006880634711,0.3354036624192968,0.1209874981495906,0.3951821407364573,,0
-2.8925849329212197,-0.9429007576351413,-0.2788623960683612,-0.5279549005403044,,1
2.2794368286713373,-0.29321646343006247,0.11824881197493542,-0.5931857189337439,,0
0.14908778947919057,-0.21872585055239824,-0.8462305800963853,0.08837632402051444,,0
0.7239568714126605,-0.04764963756202009,-0.13408350942856648,0.004106205064344714,,0
-2.8837655551993966,-0.20476295926144253,0.04883899007873373,-0.4070129220335424,,0
33.54973777258872,0.9507595237043945,0.24828176658071027,0.3055108696075612,,1
33.60591795991523,1.0639072862271213,0.26207519805741636,0.33983161186550076,,1
49.764119359372444,-0.40100203282898017,1.3557603491775063,-0.6471229261285859,,1
26.271488819463187,0.4493905130191381,0.12282487089135581,0.6887072574061428,,1
0.7019516931333354,0.08193373106759617,0.010695377211228074,0.1418885029319071,,0
-2.4973423442302134,-0.8572767719440719,-0.2306027671884297,-0.6294463253088214,,1
36.48671449927086,0.9459935541007615,1.4835963740378315,0.06529358198679117,,1
-12.269359700949137,-0.45639822129626223,-0.292620773608853,0.13425541030586324,,1
-7.924741336502545,-0.05075533127824229,0.19313600622044733,-0.1331601247430942,,1
69.64711381046864,1.4685986753861922,1.780315648845398,1.0279179555238884,,1
35.74697165139891,0.07480485067039612,-0.2206949036272982,-0.08664580832332273,,1
-6.996347399279637,-0.000734050968701124,-0.4488978080157608,0.9571123631560212,,0
34.65397273072647,0.44607998958768064,0.055173725906824365,0.16372681962394176,,1
43.33993306239889,-0.09446211382238182,-0.10666772018021622,0.08087090372153219,,1
40.56801811751008,1.0577311739674347,1.372326645984994,0.16013342174414066,,1
-12.395348408652193,-0.6401655789366886,-0.6572671872249712,0.30892836960653625,,1
34.68872230505223,1.2250884119300969,2.0028551049510726,-0.15825746886981826,,1
-3.911258189443161,-0.011202131518919,0.6119835042906056,-0.18738684822386117,,0
39.91664708721391,0.07941078912155583,-0.22044662170578064,0.39459747221898656,,1
-12.559240911634825,-0.6296992581135855,-0.6498254236817851,0.29419691520768426,,1
0.156498366420558,-0.06749013995850231,0.03555590672673941,-0.4670247781041656,,1
0.8893936293750182,-1.2145463930818954,0.4011943890423236,-1.0938926588186046,,1
-0.28112624484665566,0.1157747895987505,-0.19200189632438963,-0.26137626191205454,,1
-2.601255773284818,-0.5685951707500846,-0.3263332518897215,-0.47063528908081836,,0
-2.595110579465483,-0.5086902128515659,-0.2541847438188648,-0.39152225875246655,,0
1.6477604263371242,-0.08259566497985717,0.11824881197493543,-0.4916743095236617,,0
14.359877509253458,-0.7105672820339792,-0.27680971894132517,-1.1309544949752497,,1
1.110655550975051,-0.47154547066696384,-0.35862921839435963,-0.1676652654568196,,1
2.89649654048453,-1.891811223962633,-1.380542480891657,-1.2037477676043666,,1
106.60201484478941,2.3332381194312504,1.1024666399976426,3.277468198131678,,1
48.70799477003452,0.04449171581564029,-0.8746753054777765,0.2910226720930328,,1
26.03038477327533,0.451199174919626,0.1653810937635722,0.6761127000673154,,1
41.141795712898805,0.5422691263213456,1.2302343727451666,0.48166034768717964,,1
-11.8212374529009,-0.36667606525473356,-0.27773724652248083,0.19896858498653422,,1
1.1618062739123358,-0.4052773437674642,-0.4413898072545964,-0.12828080712803644,,1
38.43873770206938,0.6090970079930114,0.8035634920242999,0.340558446066315,,1
62.53957685233043,-1.6713007338468233,0.525702992538217,-1.7982593545010666,,1
-12.938181425368152,-0.5373984433185385,-0.6200583695090408,0.387320751943284,,1
0.7918368053572028,-1.9575143084347526,-1.4836729888020697,-1.2093834216914294,,1
103.83507131477307,-1.3499669545889121,5.423041396710024,-1.421926291379294,,1
110.50342150182293,-1.4909565590640041,0.3181886533783947,-1.3072151437967217,,1
2.3269427394619764,-0.35157813787747155,0.08062418998291064,-0.6246059170844835,,0
16.348108787020976,0.017464825831192257,0.05189783277099514,0.205270018015754,,1
-0.03777892096122567,0.47399631747840054,-0.07822299479882515,0.19045004008667163,,1
-5.088424310292109,-0.38840860447264997,0.30857361913381826,-0.2825343778106114,,1
-1.2874643572892943,-0.3584489290068219,0.17477811540299537,0.018253494577531917,,1
10.048997924894593,-0.20026361628468553,-0.3027373578308078,0.45328591638036225,,1
4.47446129287816,0.3669512962061286,-0.13511244556160704,-0.14579278930772904,,1
-7.19893193072161,-0.09886797462980866,0.6548864578739307,-0.4396539625186664,,1
49.5331725267489,-0.3765841440146575,-0.7324516785708209,0.21296630098361827,,1
0.3983333333333333,0.2311402735643528,1.3444471582579864,3.433333333333333,eye_1_49.jpg,1
0.4633333333333333,0.2253419745924909,1.5092629647982203,2.1,eye_1_38.jpg,1
33.8661659895878,0.6664432150635279,0.06896715738353046,0.29763397794180446,,1
42.237076397654846,2.2412804813513336,0.9892153499349915,3.6389278187620544,,1
32.20481226604683,1.7406164850348547,2.1883046517058014,0.1804562445492871,,1
38.59816524924042,0.3611715875210115,0.1208900828709128,0.1514218545319644,,1
0.1216666666666666,0.2704296562660571,2.0,0.4666666666666667,eye_0_45.jpg,0
35.914191877701334,1.1068718042923855,1.7988606035208712,-0.15961232372349465,,1
83.07890125622534,1.5327904926869393,1.724680784818979,1.2291139012948376,,1
34.99619032895542,0.3115180725210108,-0.16552117772047373,0.03769655297183559,,1
33.98430489779441,0.959730318175506,0.027586862953412172,0.30326032913163076,,1
49.845416413458075,0.1125690015891067,0.15172774624376734,-0.1687905356947848,,1
0.2516666666666666,0.2330788374615257,1.0579339914819217,1.1333333333333333,eye_1_29.jpg,1
-7.791012898525821,0.20993343563972183,0.33743302236216094,-0.01089453241745973,,1
33.53266049821659,0.6328405057829116,0.7611682139746013,0.5772938655626665,,1
59.99541592670489,-1.595468932098206,0.5395372818155385,-1.7660597341270114,,1
12.067577119096047,-0.47569396553562837,0.5885565868752458,-1.0415277771616058,,1
55.00378760553818,-1.421807608877076,1.1344117207403628,-1.6251863949905185,,1
-4.6109596639072405,-0.07504749924496458,0.6548864578739306,-0.2216782006349563,,1
0.7627636745696909,0.36237569349707754,0.23466898439647718,0.34656278230550064,,1
8.473550684356693,-0.8265124752694984,-0.16393585296525068,-1.2070880520328113,,1
-5.984833316965786,0.1907512706433457,0.3085736191338185,-0.07562337541338389,,1
19.91963807820566,-0.41441380163017555,0.1406325107869258,-0.644793348605721,,1
50.82997767947469,0.10312708345616928,0.4079890028604037,-0.192806267638567,,1
44.30811492549534,0.09398047143195498,-0.10666772018021617,0.2564977387177147,,1
50.72046712427387,-0.04148145087547571,1.6853499788474238,0.1349099298742038,,1
49.1105693552277,-0.03750790115445769,-0.8746753054777769,0.42912240559430453,,1
88.33327668008859,-0.6595912613132495,1.9368004988250092,-0.5545490175531765,,1
0.6707484793432246,-1.8662869828752364,-1.328977226936451,-1.194013455999441,,1
-7.758257324131014,0.01260870555404936,0.683745861102273,-0.3704992157281493,,1
49.822385313325505,0.22209734728538277,1.1164554712196024,0.18444570384748615,,1
-7.982415953724382,0.11292199463345894,0.16427660299210464,0.0051493688379402654,,1
2.811374851689622,-0.10282771212162567,-0.03224967599316385,-0.38895443095393606,,0
-3.2672570415814794,0.1419264524244651,-0.36703840904071383,0.7271964498596535,,0
-5.036750415044376,-0.34013104867439936,-0.3372713548679695,0.36311907685945577,,1
-2.882615451147239,0.3702400231835007,-0.047400020597509654,0.7216468689076924,,0
38.97129781253141,0.33973850114703585,0.43378206206621517,0.029834045688453437,,1
9.363104872247511,-0.6719188842888062,-0.03224967599316381,-0.9762704425408387,,1
0.14,0.2582899614680475,1.4131404913225143,0.9333333333333332,eye_0_0.jpg,0
38.48540430821367,0.6212584783512785,0.3768926113034329,0.4051050606375616,,1
37.173203121028244,0.8391140891956994,0.6618703606060966,0.46491166161620334,,1
-9.502674962727466,-0.07536346901169719,-0.5381989705339939,0.8866118313900873,,0
-3.923996322260991,0.1634658373067932,-0.4042472267566443,0.8655668965345843,,0
-10.128818377808559,-0.565687846702723,-0.43401428092938865,0.08795655362375718,,1
0.2698601650371451,0.5446773382734775,0.007111181345348267,0.38709205192000434,,1
0.1316666666666666,0.2608888967834393,1.3154328386210072,0.4666666666666667,eye_0_36.jpg,0
-5.414739739891305,-0.3895878359273452,0.2219954094487901,-0.20231487153361144,,1
45.89437896267442,0.543112000504592,1.856018331135771,0.30153026051160775,,1
-2.870403986986713,-0.06781487965616696,0.0921280949212478,-0.19733572976469424,,0
-2.9149599461296094,-0.2549686849932435,-0.12443158365258027,-0.09307952289581085,,1
4.3714046639533874,-0.47730242605843753,-0.555498417608358,-0.3076787677614416,,0
5.028051418984602,0.07676175597421049,-0.5048938755196919,0.3480638663652972,,0
-3.9266651491194127,0.5455921098506047,0.5934385496151324,0.16487541373200823,,0
25.716478439606245,0.40753290903641787,0.12282487089135581,0.906689980578162,,1
15.198475017942291,-0.14953495631385788,-0.13251246634194241,0.17523684282316465,,1
41.6631448112981,0.31932592153896505,0.7788880963698614,-0.2686781394444465,,1
-4.313340598106591,-0.03762655441596842,0.5394488449605601,-0.3406243651146459,,1
-0.8977403930551454,-0.05617979596984045,0.8569022804723297,-0.2753422841443976,,1
5.301911786666895,-1.1443764516841537,0.3043543641010731,-0.8738619195958929,,1
16.68471230443421,-0.09027974738358736,-0.18925409683823086,0.19751952119186006,,1
0.3066666666666666,0.2245341661122774,1.0009194507097576,1.2666666666666666,eye_1_30.jpg,1
109.79433561453763,-1.3586917885722296,0.3320229426557162,-1.2562324115378005,,1
28.333967716985214,1.8004225259982833,2.1697596970303286,0.2901994876970772,,1
-0.6556608091806101,-0.5098786755651692,-0.2488913470871719,-1.0329334686474205,,1
-4.790636110716614,-0.21042327024397964,0.4961597401180459,-0.19069687407280453,,1
28.005491336687513,1.6091428716502498,1.9843101502755995,0.22787616442796177,,1
-4.686262107536335,0.4633486817600517,-0.18843608400424788,0.9955193692673134,,0
16.129059551452436,0.10161066758246311,-0.04740002059750961,0.35543589397870046,,1
34.54022122762536,0.3251189544610829,0.08276058886023661,-0.31001195055942166,,1
-4.915925977649333,0.5019527201583087,-0.18843608400424788,1.11968448491478,,0
82.15925464865117,-1.2471252944451325,3.1957208230612664,-1.34813549468875,,1
88.62073541153107,2.3755386329480124,1.037751617104699,3.7089487923920226,,1
16.92089148999834,0.08490207669224155,0.08026864801913948,0.2517729989591181,,1
0.5054222200545029,-1.1600625893775645,0.5395372818155385,-1.0603513875956303,,1
13.291937021816691,-0.6352033395534719,0.037502002876513396,-0.8317945978582469,,1
0.12160672244565125,0.11979760413701372,0.3967724082506804,0.07238225445407424,,1
-2.890254972868114,-0.9479923011728849,-0.3078181733963202,-0.6343671216612343,,1
-2.9886680474921214,-0.9452672497019795,-0.2306027671884297,-0.5070415160425494,,1
41.187060318000135,0.04425089462042715,-0.07822299479882505,0.18594678790728258,,1
40.077877207154444,0.4111419855277527,1.031121295075429,0.5672221390955763,,1
-4.328844527467299,-0.0862108903494129,0.48173003850387464,-0.29581208919439067,,1
-12.74223147085087,-0.6826376054652228,-0.6721507143113435,0.2605250194388799,,1
34.38933729594843,0.42698087877821783,-0.09655402033694313,-0.10296222677381868,,1
0.1383333333333333,0.257209731486301,1.3154328386210072,0.6,eye_0_37.jpg,0
31.545372174353837,-0.2527148113988349,-0.5722601026881777,0.4300344259086802,,1
-7.729730094107313,0.12825200354449726,0.2508548126771328,-0.06289890200392871,,1
95.46757757370439,-0.9329384536629173,4.371635411633592,-0.9369195094950843,,1
10.003352548727783,-0.13034447190915016,-0.7608964039522116,0.2549966546579182,,0
-12.724789878678516,-0.49871856201576636,-0.54564073407718,0.4920193028494102,,1
-0.23913026736365722,0.4838788230260905,0.6766782557542833,0.363939438334541,,1
-7.386201088003484,-0.03190548472446471,-0.54564073407718,0.917126986930566,,0
35.38462221711425,0.06655707741586417,-0.18925409683823077,0.5685745566357857,,1
11.719168049464104,-0.2552124873566515,-0.31692276545487996,0.4145334322608922,,1
0.04612341342362962,0.21044142148501327,0.4836397402345573,0.11605432208173908,,1
-7.195415403794212,-0.44464257109640026,-0.3968054632134582,0.24631968841141563,,1
47.560137483427766,-0.6163383609278694,1.328091770622863,-0.989914718027384,,1
34.77553595511299,0.4661919320309786,0.22069490362729796,-0.19073330533510685,,1
37.05564883918354,0.5458524810451599,0.5483870996135195,0.1471412918365491,,1
0.55,0.2036306839152258,1.0632099409530853,1.9333333333333331,eye_1_34.jpg,1
-7.688517830970301,0.19051542435240665,0.4240112320471892,-0.16856735509983903,,1
36.07658123268902,1.1848190110147214,1.9101303315737086,-0.13725721863783366,,1
0.18173438519386137,-0.13624459119187382,-0.27733607246856284,-0.5600919898115445,,1
104.74420070089236,-1.3864441860298016,5.367704239600739,-1.4433927049619977,,1
20.986388647380508,1.119929456569401,2.355209243785057,-0.4556481092517926,,1
-5.402244338164382,0.4718430870657586,-0.18843608400424786,1.0502361998916208,,0
36.356063481216246,0.5005382256581548,1.2239670085812107,-0.40890561679995613,,1
33.659636919987456,0.6994325882798725,0.13793431476706117,0.3150756666302657,,1
0.18153409933058137,-0.06255330545663156,-0.16355717094299838,-0.537575728914598,,1
34.296987768971704,0.43320255881463365,-0.05517372590682469,0.25768688449403876,,1
12.436484705529212,-0.35219121592566976,-0.4020352111993127,0.3302467793010449,,1
34.49099668253926,0.0671362682999301,-0.08276058886023697,-0.3026976940126477,,1
-0.8395019965838298,0.5569419450413785,0.6115973530314168,0.5235333507796573,,0
109.33083728011148,-1.4731356215661648,1.715451870387865,-1.4527842609044306,,1
45.1827632904399,0.07326984864361893,0.03555590672673941,0.1559251067113538,,1
14.185315317663571,-0.6594683937400254,-0.20156047495727558,-0.8977199471639898,,1
0.3733333333333333,0.2430863816535411,1.5092629647982203,3.8,eye_1_41.jpg,1
2.7479971514029273,3.274385586015214,1.7991288803729888,3.4102753483500194,,1
72.32926243093263,0.7479038164705547,0.05517372590682437,0.24418364163845582,,1
41.54759261372621,0.4330570761044192,0.8901578244226988,-0.2503875989198149,,1
4.714804328814385,0.9728574233625648,0.4906715128289975,0.48466251580677255,,1
-3.2761559128376847,-0.1949360304723153,0.8136131756298155,-0.5209799447443147,,1
-2.3469674620726733,-0.8739139282927554,-0.25955854451638855,-0.5851591581371047,,1
-3.181666510624787,0.08925875010924092,0.3085736191338185,-0.10771117792418386,,0
-5.023024399681526,0.587157308320188,0.6119835042906053,0.15064943776840584,,0
0.8903896327204274,-0.016841511769109686,0.193498055958985,-0.388954430953936,,0
-3.7153963261077863,0.06072134890561573,0.13541719976376193,-0.0695377576958184,,0
41.11375569203959,0.0919334912726428,0.0071111813453483075,0.14241535017318602,,1
46.534517321735535,0.515390059164073,0.7417981870189156,0.07003557397465869,,1
-3.78878980591367,0.0016175025126316633,-0.31692276545488,0.46200522530724314,,0
36.46359494246114,-0.031627425753479446,0.5058308767413032,-0.3614850622314953,,1
-4.78043170630102,0.04444795483082123,0.3230033207479899,-0.26095809681196996,,1
-3.007402344610425,-0.5898999523649124,-0.4273411631889209,-0.5077022333605355,,0
35.48740191708776,0.15242545431045681,-0.17506868921415877,0.6044206044462955,,1
13.9751824638826,-0.34461206129505384,-0.31692276545487996,0.06285463887670158,,1
-2.9357460020014794,-0.6004344200268564,-0.34076295350389274,-0.5558339371267356,,0
-12.141227333872939,-0.3415720638601891,-0.1735525569178757,0.20949105241428564,,1
-5.688003542114406,-0.39178906797610974,0.22199540944879007,-0.10162556020661838,,1
11.796103850904503,-0.6929482956257188,0.2695456456749414,-0.9368226967535012,,1
-6.866358551453181,0.3883904624502703,0.784753772401473,-0.12486155512823224,,1
13.966691994648981,-0.21371489357170295,0.19349805595898503,-0.6681108068316616,,1
35.633006492050235,0.3187362223981783,0.0660832403950673,0.7342414262465203,,1
34.0292149237136,0.517602904694682,0.6476849529820243,0.5646993082238388,,1
-3.797140656536517,0.008249262814420625,-0.4162206188233848,0.6305785312269377,,0
-2.871578308950368,-0.962836660501236,-0.3078181733963202,-0.6128386376194277,,1
26.774681100583496,0.2829936181742505,0.03771242514692312,0.43294086221764055,,1
0.7466666666666667,0.184406706238071,1.1567052857189537,10.133333333333333,eye_1_1.jpg,1
4.999002226610334,-0.43062120946894067,-0.5554984176083582,-0.2917964698797203,,0
41.13363502214582,0.5493888162388657,0.20690147215059185,-0.01631641845049565,,1
50.5888793120988,-0.25460820863916667,1.1164554712196022,0.3240465214085543,,1
-3.0211021803727975,0.13674247001830322,0.1931360062204475,-0.05681328428636322,,0
35.90387382635541,0.5213924820099902,0.15119568613950013,0.6509235853896594,,1
12.594217711725895,0.907618011149228,2.4293890624869485,-0.5030680291304673,,1
14.190682764582585,-0.6109633576437346,-0.220372785953288,-0.757537524645305,,1
-5.675036619376359,-0.20680696044958088,0.5971676514172455,-0.5298317523335011,,1
40.70877767648706,0.3904313627394166,1.088010745838211,0.4666495070892153,,1
34.50019953227275,0.08218405257405233,-0.11034745181364922,-0.3527722196021006,,1
35.77953505013088,0.8956568029565422,1.557776192739723,-0.049869080575704654,,1
-1.2057678214589926,-0.27483287597852507,0.14582233807503645,0.07791815035053883,,1
-4.995728569767511,-0.2577656543708492,-0.20331961109062005,0.35259660943170446,,1
-5.069245278710282,0.16801663790148974,0.44507891221134926,-0.2375164778098888,,0
0.915,0.1192949413242339,0.9869480635905395,15.766666666666667,eye_1_8.jpg,1
0.75,0.1673385617042153,1.1136973132425152,12.666666666666666,eye_1_4.jpg,1
50.66696534821863,2.221049800973751,0.7788915255329255,3.712733709885535,,1
0.8877420532565282,-0.15779808816345617,-0.7040069531894297,0.29252375615282916,,0
86.47823232575274,-0.7136109781035743,3.6107495013809108,-0.6015067972653407,,1
-0.4509686569082566,-0.2991601297536104,-0.19200189632438955,-0.5976190913064554,,1
-6.510321355951832,-0.3315608004641775,-0.3223878277815973,0.3431263887467283,,1
59.837456398751925,0.2616447434247483,-0.3859788865400553,1.6499536759216062,,1
1.9700868584226707,-0.24268755947611265,0.09244535748952182,-0.7147036479705771,,1
38.41430282674919,0.6106623457618973,0.6897845904987353,0.35256711854468653,,1
0.5433333333333333,0.2089633542898061,1.5092629647982203,2.2,eye_1_36.jpg,1
-4.768403237152481,-0.30729107101930053,-0.3149460642384113,0.3831117649721835,,1
6.228908455519162,-1.146789703636986,0.27668578554643014,-0.7879962652650784,,1
-11.334139579886532,-0.7451321587857805,-0.6647089507681573,0.16424444247495468,,1
35.33551866040757,0.5997410174638131,0.15172774624376728,-0.10239959165483604,,1
39.47842161835685,0.18428841963690873,0.832008217405691,0.06886223124316065,,1
0.11391415592111406,0.046436350065017326,0.43538011135462557,0.09329563895182927,,1
10.690307409910266,-0.7656390050343117,0.3211108996301476,-1.1181882919189645,,1
0.8916666666666667,0.1215268609214458,0.9869480635905395,15.166666666666666,eye_1_11.jpg,1
11.004798564132084,-0.8239662631845979,0.29532827265254447,-1.11921295629843,,1
0.1583333333333333,0.2597956508577067,2.0,0.4666666666666667,eye_0_41.jpg,0
0.18053267001418055,-0.04184268266829547,0.035555906726739445,-0.5450811492135801,,1
-12.183905643210867,-0.28431067095118306,-0.16611079337468962,0.24211070144031493,,1
35.58033189581381,0.24552847880700104,0.06608324039506736,0.6344537796388849,,1
4.336864904804668,1.7266277643799128,1.3440132742707298,1.4183368010001527,,1
3.430170801735252,0.08675583557555867,-0.6186727770452564,0.5161852810624977,,0
0.12,0.2727090877766376,2.0,0.5333333333333333,eye_0_46.jpg,0
0.7960376990872908,0.3494190465011705,0.19408196695496788,0.2815160994316244,,0
40.244114473677016,0.06122878888295844,-0.22044662170578064,0.30903568081058985,,1
-4.614680606953812,0.13013877387200973,0.6404567562597594,-0.2377221018903562,,1
-3.763309005295237,0.017981586374188882,-0.31692276545487996,0.5162587030745011,,0
16.966928230611472,0.10109390703946662,0.06608324039506734,0.35737351818467394,,1
-4.167983734549048,0.320233120939794,-0.3223878277815974,0.9529033761849205,,0
0.3716666666666666,0.2442014350525435,1.5092629647982203,2.333333333333333,eye_1_40.jpg,1
15.233569689831382,-0.615632291599527,-0.2391850969493003,-0.918263922877935,,1
39.23367229342844,0.3322730440954263,0.3768926113034328,-0.027207148583810972,,1
62.844324835016195,1.0285258906302936,1.6134110567661417,0.5645575955665525,,1
-1.7658458380339537,-0.23510449400796196,0.09756270919510482,0.11605432208173909,,1
10.818781046786595,-0.7557398697076407,0.3726761535853537,-1.1115279734524361,,1
36.488005121204864,-0.02077545435055196,0.5767579148616638,-0.366329122746429,,1
-2.888072946786635,-0.9766053416173877,-0.24025469296441596,-0.5039660183222914,,1
0.2366666666666666,0.2403180656574806,1.0625409082939037,1.7666666666666666,eye_1_24.jpg,1
0.105,0.2828431998315786,1.8781009159612607,0.5,eye_0_4.jpg,0
0.1383333333333333,0.2724605066516618,1.808817972974265,1.1333333333333333,eye_0_14.jpg,0
-6.26683569755583,0.23343944930331392,0.43844093366136044,-0.06787804377284597,,1
0.5883333333333334,0.2012423292981486,1.5092629647982203,2.066666666666667,eye_1_35.jpg,1
0.4666666666666667,0.2122293865564345,1.0632099409530853,1.4,eye_1_33.jpg,1
39.9434199722348,0.15495898562447452,0.7417981870189155,-0.6094241351440665,,1
0.3783333333333333,0.2431064320633626,1.5092629647982203,2.066666666666667,eye_1_39.jpg,1
12.92604818154544,-0.7285945548077344,-0.27680971894132517,-0.8409218966607298,,1
47.90625045932392,0.4334179460849745,0.4053373366848239,0.31654110110957207,,1
25.27880821721906,0.16491383409953997,-0.061585428221581716,0.7429607351734011,,1
0.2251964175256625,-0.2747167784394697,-0.4764491501383008,-0.6066255956652339,,1
0.0516666666666666,0.3202031445748347,1.8781009159612607,0.1,eye_0_9.jpg,0
12.18117472702375,-0.735208877911774,-0.14512354196923827,-0.9545179976672499,,1
45.65103163878898,0.07254738505797928,-0.04977826941743395,0.21146521692382172,,1
13.284225124454286,-0.43691587518057207,0.30637192193505947,-0.7224919190156339,,1
39.56855025683293,0.058338934540399914,0.832008217405691,0.06285789500397491,,1
-5.158744121188405,0.48655661054171506,-0.16611079337468967,1.0081463301806153,,0
14.406643079396389,-0.3071469219278043,-0.24599572733451935,0.03960314840501957,,1
33.7559849662519,1.695861631047222,2.077034923652964,0.16284313145149362,,1
-13.467860168658037,-0.4165048535212461,-0.5902913153362963,0.6466995740373557,,1
36.21885078189923,0.6392138858132025,0.26467894713207707,0.7400542988644404,,1
33.419506747871836,0.9623347423767962,0.24828176658071027,0.36458755710073604,,1
48.75726509240145,0.23811195676706126,1.9697972326613356,0.20696196474443246,,1
0.2833333333333333,0.2302857411943501,1.0625409082939037,1.9666666666666663,eye_1_26.jpg,1
35.42112656490512,0.3669344319151339,-1.7486012637846215e-16,-0.12996871248498423,,1
34.936459900354755,0.39831734601964613,0.43490383862094256,0.5782626776656533,,1
35.30518207400973,0.3601631925950679,0.378162208124654,0.6092646649612294,,1
97.85058261585603,-1.07253579739599,0.8853945137485758,-1.2783696505449635,,1
-0.14092614055052335,-0.18922525413878008,-0.9031200308591675,0.21146521692382184,,0
-2.1491797420090903,-0.292832558062661,-0.18234313830849805,-0.06786044158969455,,1
42.231551095006324,0.04509376880367335,-0.2773360724685629,0.23248039376097174,,1
34.716252481248446,0.7162166553548553,-0.013793431476706242,0.20817499402356848,,1
12.782649226545024,-0.5915094661612648,0.4004334769151215,-1.1611662239663454,,1
-13.48773773739077,-0.38411993329323874,-0.5828495517931104,0.6451212039231929,,1
-2.595561602865067,-0.4891149707036247,-0.1676065341338366,-0.4512719599794734,,0
45.072205493909244,0.4957906356451961,1.770684154991597,0.3255476054683507,,1
-5.31213191648589,-0.47472834695634253,0.06326869169290512,-0.21227315507144592,,1
39.66048146807854,0.01595440418287493,0.9742318443126465,0.11989908927623935,,1
-11.635518599937237,-0.1267091153685146,-0.560524261163552,0.796644734882813,,0
-1.3372063180250389,-0.08361658114908337,0.8713319820865011,-0.37547835749706654,,1
-0.9371058764803428,-1.1397201281372606,-0.6906805608535982,-1.1466645940506195,,1
35.73642856514857,0.3984895995339785,0.037712425146923106,0.6228280344030438,,1
39.726575802960994,0.11854423334370238,0.9742318443126464,0.07036331530295709,,1
0.0733333333333333,0.2945200010347962,1.8781009159612607,0.2666666666666666,eye_0_7.jpg,0
49.112371927997216,0.045575411194099774,-1.2444567354358615,0.41861481717572957,,1
0.5821247489950019,-1.891811223962633,-1.457890361824467,-1.1699338430819923,,1
40.837023633457456,0.2784584602139553,0.7974330510453344,-0.47190636749590964,,1
101.81852073808612,-1.4225501479394864,5.174024189718238,-1.4474176575087547,,1
14.29394603441249,-0.7164034494787201,-0.35205896292537486,-0.962977281784757,,1
38.650239573693256,0.23293430106997712,0.17777953363369503,-0.1758144705036578,,1
14.931550661702028,-0.7489562945593861,-0.38968358491739963,-0.9714365659022638,,1
32.436557822874114,0.6355965620122266,0.7469828063505292,0.5530735629879977,,1
8.280493552791597,-0.05436538481938249,-0.6471175024266471,0.14992077047216806,,0
8.059578245593547,0.2950661694349853,0.46222678744760654,-0.07524183849729695,,1
0.1033333333333333,0.2752806252516142,1.0663283244513395,0.7333333333333333,eye_0_31.jpg,0
0.1283333333333333,0.2672413096082351,2.0,0.4666666666666667,eye_0_44.jpg,0
-2.2178858836382145,-0.29477762696984683,0.33743302236216116,-0.35279560054977693,,1
0.0816666666666666,0.2772488986065653,2.0,0.5333333333333333,eye_0_49.jpg,0
0.1733333333333333,0.2431316871494627,1.3208565867315554,1.3666666666666667,eye_0_16.jpg,0
-2.1992811684053644,0.22400559766575187,0.19313600622044735,0.072644401705485,,0
-4.951369574743446,-0.4870709695154861,-0.008879816377951655,-0.29691856514303894,,1
36.41011188161303,0.175943323820506,-0.06896715738353085,-0.23968256068659458,,1
1.3581177946346972,-0.014315947563095207,-0.18925409683823086,0.6102334770642162,,0
-0.71592145791334,0.13421169218048512,0.541551294890475,0.17756427648690082,,1
38.36002535780027,0.5724921863206036,0.7182293158801267,0.29702700833221846,,1
49.92973853604368,-0.4089745947708343,0.46222678744760626,0.08987740808031072,,1
-13.47662968427542,-0.5534012961712542,-0.6051748424226685,0.4315151151398398,,1
44.376412404873875,0.43883642297727193,1.8844630565171614,0.30603351269099704,,1
38.46457457843253,0.6266769552435758,0.4053373366848241,0.48916576798616174,,1
48.903273486732715,0.0010234900796559088,-0.9600094816219499,0.4291224055943046,,1
-2.8771997998721446,-1.0139672315211123,-0.42364128270815576,-0.6472842120863181,,1
37.61387108466465,0.23596840876156497,0.5342016919894477,0.07641800831851611,,1
99.14298273354164,-1.5060857924606073,4.966509850558416,-1.55810385254457,,1
0.2383333333333333,0.2416100721596786,1.0625409082939037,1.8,eye_1_23.jpg,1
38.4415417041553,0.5900721335711677,0.6897845904987354,0.3705801272622437,,1
51.423145627010385,-0.036021638518742086,0.2410844107811476,-0.2138065178705516,,1
24.33925121212653,1.2137252641470453,2.3737541984605306,-0.34725972095767904,,1
-2.619296709268187,0.09067382785487516,0.17870630460627593,0.0012767030176712214,,0
36.96186513568649,0.44043315448990883,1.1497871898793193,-0.4387124235808375,,1
0.9260635069022151,-0.19518712486337347,-0.37242264987106566,0.043322904161661686,,1
-7.679215473353877,0.1413807804067711,0.3085736191338182,-0.14367164625525283,,1
12.305186784197284,-0.5874889952548875,0.45687040990315875,-1.2167558053099616,,1
-7.5849515828407705,0.021335018318794235,0.712605264330616,-0.3815639752146321,,1
40.94571585274751,0.018723847927826883,0.06400063210813053,0.15592510671135387,,1
38.2669043092893,-0.1875100918874649,0.7336329312717971,-0.5213212908800808,,1
14.839816689909737,-0.1688273499190623,-0.17506868921415872,0.1703927823082309,,1
34.082218938563486,0.5925065057935622,0.02758686295341207,0.26500114104081274,,1
-7.959075492795896,0.024636866391940945,0.2075657078346187,-0.03800319315934249,,1
-3.8264598207832177,0.09475216581598585,-0.41913075384301646,0.7976969816255879,,0
-7.878073475076207,-0.5174517594310306,-0.41168899029983036,0.16792730607466774,,1
108.67255053000818,-1.567530899875031,1.7016175811105436,-1.5319416609906498,,1
11.58746881904306,-1.7444887982186492,-1.4578903618244665,-1.1192129562984305,,1
12.809607007999897,0.8933642380529442,2.4479340171624218,-0.48342263375215927,,1
36.10801143042859,0.527849651031454,1.1868770992302646,-0.22396792927312476,,1
-5.717262002693454,0.3121491966233536,0.46362386688682206,-0.02683654806320536,,0
0.0833333333333333,0.3062030237243742,1.808817972974265,0.6,eye_0_11.jpg,0
51.89838379877078,-0.3185801969014743,1.4664346633960783,-0.5625989226466906,,1
49.078822642671845,0.3008857255752411,0.500713776237768,-0.09119215361283545,,1
-3.0015752865164655,-1.0074414503671028,-0.3560778022762517,-0.6097631398991695,,1
-13.519892627987836,-0.3568923305722677,-0.5530824976203661,0.6230240223249149,,1
10.539216258517984,-0.7313802327763234,0.5015892884733693,-1.1689091787025263,,1
-3.0849219914139665,0.010486088935597939,0.2075657078346187,-0.1536299297930873,,0
-2.830267747373887,-0.9809797663469985,-0.4429451342601284,-0.7106394651236347,,1
44.67784262911055,0.49265996010742436,1.8560183311357705,0.3930963881591902,,1
69.62608583654195,0.5282640421617326,-0.05517372590682475,0.1738542517656288,,1
36.968336058750516,1.0125776130400457,1.4650514193623587,0.13981059893899433,,1
12.968155528517169,-0.3721726235882029,-0.4445914340715289,0.26242993209197235,,1
15.87023435378612,-0.18770768715171843,-0.13834289277321465,-0.08027544246031898,,0
-5.233090065708753,0.06111442605718094,0.45287063527553223,-0.20784725127685277,,1
-12.32412045402657,-0.13725127909613294,-0.560524261163552,0.7808610337411859,,0
-5.527777479412105,-0.3749653658891241,0.17870630460627604,-0.10439175007823906,,1
-2.7972818183291177,-0.5177309873375628,-0.2974738486613788,-0.4949777599510804,,0
25.12763640850802,0.20255122698112166,-0.04740002059750955,0.7565241046152155,,1
67.11713217548007,0.08753759121003804,-0.23448833510400444,-0.014065877974565207,,1
100.81444951626806,-1.4533655190294996,5.257029925382167,-1.5607871542424079,,1
90.40237808834313,-0.8169167251613605,1.784623316774473,-0.7732381059269694,,1
49.45145589453058,0.19946015493534103,2.1120208595682914,0.15442402265155733,,1
37.15500254915794,0.7876102884103771,0.5483870996135196,0.4978512731177529,,1
36.01503140235685,-0.08218405257405186,-0.1241408832903554,-0.23011776366389008,,1
-7.829631777115219,-0.14265676931415913,0.2797142159054758,-0.23274296012143897,,1
35.598532467684116,0.20143157913796247,-0.14669787396601439,0.649954773286673,,1
85.34033165287589,-0.8572922866799022,3.818263840540733,-0.8255624890348094,,1
6.200326409636604,0.25861974589624687,0.10863946326728371,0.46491166161620356,,1
15.490968914116902,-0.018277778392735467,-0.0048437977252932364,0.2440225021352241,,1
-0.08797873185508183,0.401840431375686,0.6091147753223792,0.22308164274672054,,1
35.24349016307271,0.3939915055618729,-0.041380294430118585,-0.07314256546773996,,1
2.283682719517718,-0.22292306887340532,0.17468574496297268,-0.41070687582752513,,0
26.342792236319806,0.4314761475285911,0.16538109376357218,0.5501671266790373,,1
37.66461856152658,0.21185291675505938,0.6193141377338803,-0.06599737082053633,,1
-4.2507611014142785,-0.3544467385774267,0.1354171997637619,-0.31849484614168044,,1
43.677014170299444,0.4585837609847551,0.7751187666429087,0.3315519417075363,,1
-3.356776345513368,0.11158553231813766,0.35186272397633256,-0.17852563863767354,,0
-2.5078939295708795,0.11410122608815423,0.10655779653541912,0.12464877129195395,,0
1.1771551256964023,1.912180495291691,0.6328951397359529,2.0322801814568945,,1
2.058570393511486,-0.17402895494746484,0.24993498894702224,-0.4723388029693606,,0
42.45406868911062,0.5107215497484151,0.9457871189312554,0.1424153501731859,,1
39.83713359949168,0.24003852632876693,0.9742318443126465,0.2700074952558825,,1
39.15916595228821,0.34118342831831516,0.5191162382103884,0.010319952911099847,,1
38.401284245635985,0.69001292958465,0.6897845904987354,0.4546408346108439,,1
-11.74737864359006,-0.3584850315670877,-0.2926207736088531,0.21264779264261102,,1
4.704389463923815,1.2771350035144557,0.7182293158801265,0.9304844815663124,,1
41.55258201848648,0.04786321254862529,-0.07822299479882507,0.1664326951299289,,1
-2.9251673901717834,-0.9611872872425302,-0.2499066187404023,-0.6848052842734668,,1
0.9054105999421818,-0.13846855336860517,-0.3310423554409472,0.020254864283374426,,1
146.2720804945013,2.172382989436072,0.8921428155955763,3.3966930991773,,1
0.9302368922464704,-0.24698622842237103,-0.35862921839435946,-0.03938445832878294,,1
0.1891449621352287,0.8322178453580505,0.1493348082523039,0.5612178028563903,,1
72.33716896994228,1.4950130101450396,1.7988606035208707,1.0285953829507268,,1
47.179613347343405,0.18850279055313998,0.4622267874476062,0.1979554603856539,,1
45.501418098918684,0.552504027117907,1.8844630565171618,0.3105367648703864,,1
35.78739016638544,0.48203255398508665,0.10863946326728371,0.6150775375791496,,1
0.13270177031758,0.11635543385797577,0.4643358886825845,0.06807655764571295,,1
34.83695962658998,0.46083839339499283,0.22069490362729793,-0.1569751981961498,,1
19.997002260455467,-0.3022376967693371,0.03771242514692323,-0.09409292180715205,,1
68.9451728815424,-1.490214020001594,2.78069214474162,-1.5346249626884878,,1
0.7121961206684162,0.2905435923534588,0.19408196695496788,0.31596167389851487,,0
46.429743075222355,0.22896075134895927,0.23466898439647726,0.2835172517940504,,1
25.21435678036067,0.36808685425434823,0.16538109376357216,0.8379043212661027,,1
39.2987651989945,0.20861136035344294,0.4053373366848239,0.028332961628657016,,1
2.004335741043584,-0.00415416561742817,-0.10666772018021607,-0.15179712554691513,,1
-4.559104131084293,0.4724498303018805,-0.17355255691787574,1.0076202068092275,,0
0.7466666666666667,0.1795739131514789,1.1567052857189537,10.666666666666666,eye_1_2.jpg,1
16.006580408984004,0.10092165352513435,0.0802686480191395,0.29052548307858805,,1
0.0916666666666666,0.2753968128702757,2.0,0.5333333333333333,eye_0_47.jpg,0
48.52693634962923,0.21041751931754205,-0.4480044247569096,0.34506169824570443,,1
35.16676407866677,0.3478353211056711,-0.09655402033694307,0.0011252702379654764,,1
91.4306226926823,-0.8445763052361315,1.6324461347239365,-0.8430039500707562,,1
0.92,0.1150595930971191,0.9869480635905395,15.966666666666669,eye_1_10.jpg,1
-9.748903473451078,-0.5168450161949086,-0.5009901528180634,0.4946499197063481,,1
0.185,0.2759061911448853,2.032533790401599,0.4666666666666667,eye_0_24.jpg,0
-6.776622313533005,0.10612860149327187,-0.3968054632134583,1.0176165508655919,,0
0.9397607716218226,-0.11893537185892726,-0.24828176658071055,0.11534019939143672,,1
60.67055347044359,2.251466558184801,0.7788915255329255,3.720303544872558,,1
2.6771085675663318,-0.10023385992396311,-0.03224967599316387,-0.32128015801388127,,0
0.6786436119920114,-0.008007304740839497,-0.6186727770452563,0.0973828283792929,,0
-2.8955066288608275,-0.9780395792336537,-0.42364128270815576,-0.6971072751544992,,1
38.42271483300696,0.6298076307813475,0.8604529427870822,0.38559096786020786,,1
-3.6845112353155476,0.24819840827914996,-0.1325124663419424,0.6867696332001693,,0
-2.8634131242931575,-0.2714288441668809,-0.052168921220465826,-0.4789338586956802,,0
0.39471513488544846,-0.886715397027897,0.6225430174794675,-0.8128168059700793,,1
0.0833333333333333,0.2986190642197591,2.032533790401599,0.4666666666666667,eye_0_25.jpg,0
38.500626033822975,0.5060255364417575,0.6044504143545623,0.4216169852953225,,1
30.427267022078368,0.13757266866153695,-0.5639451994956498,1.9981660853246914,,1
19.230008749403154,-0.4283272692604942,-0.0899562434697259,-0.15900333270726444,,1
36.82075439986908,0.8005293019852907,0.4632746538690869,0.7865572798078045,,1
29.98343681992478,1.8846493670217794,2.318119334434112,0.3552325206735454,,1
37.793428608412775,-0.022137605710968077,-0.09655402033694307,-0.2813175594913082,,1
0.7775848284524247,0.03184860306694681,-0.7040069531894296,0.25049340247852897,,0
37.56547897592713,0.19152700206386206,0.4632746538690869,0.020226906345284575,,1
34.99083983492433,0.3157140892897566,0.22069490362729793,-0.2503726279472643,,1
-13.73581759030027,-0.5360332710372643,-0.6200583695090408,0.4914931794780227,,1
0.543292508564755,0.0798540865240108,-0.09547580632462134,0.30365968301748253,,0
27.715224216386925,1.5768476095299984,2.0214000596265453,0.19061765595186023,,1
0.7099031441082175,0.07325659348918799,0.010695377211228064,0.09514093758398409,,0
0.6383333333333333,0.1910449803710497,1.2786000071981232,6.366666666666666,eye_1_17.jpg,1
34.97810565913031,0.5823781894552106,-0.12414088329035528,0.10633803748771485,,1
-2.067557173164601,-0.6403483324838676,-0.2016469898604707,-0.29606237243284456,,1
0.135,0.2606537812116598,1.4131404913225143,0.8333333333333334,eye_0_1.jpg,0
0.887753969639563,-0.9529298772054696,-0.6207044164517761,-0.025318580354217492,,1
-4.328619015767507,-0.012391001285490014,0.5250191433463884,-0.26372428668359066,,1
0.2416666666666666,0.2361845018619331,1.0579339914819217,1.0333333333333334,eye_1_27.jpg,1
0.7466666666666667,0.1694050690554358,1.1567052857189537,12.3,eye_1_3.jpg,1
-0.36920121191556815,0.3805420027741387,0.5898109237704064,0.28889729396024355,,1
56.14722760294285,0.5699132331757324,1.1497871898793195,-0.05867563712460129,,1
36.764439689258595,0.371531924540992,0.6618703606060965,-0.10087460652805923,,1
-2.6830037644594613,-0.46128510837281667,-0.2108956389763507,-0.4269294891092114,,0
0.4816666666666667,0.2142670116784581,1.3444471582579864,4.833333333333333,eye_1_48.jpg,1
35.63407711392495,0.2800653084306034,0.10863946326728363,0.6237968465060307,,1
-8.482780296425918,-0.009380142083438504,-0.5233154434476217,0.9213359739016668,,0
50.06979828904839,0.17050855627496603,0.3894440481849307,-0.19009655793121422,,1
39.36990508358702,-0.28759614805110156,0.06608324039506737,-0.038870631936907166,,1
3.5785948501270983,-1.186051456561913,0.3043543641010731,-1.0663888164157658,,1
0.0583333333333333,0.3067866655343629,1.8781009159612607,0.1666666666666666,eye_0_8.jpg,0
73.6044991783042,0.5302897054294029,-1.7023419710919068e-16,0.08158209225247963,,1
0.82,0.1527647717148504,1.2786000071981232,9.266666666666667,eye_1_15.jpg,1
-2.5541120058415814,-0.8967900182721952,-0.24025469296441593,-0.6792693883770023,,1
-1.1413494067555825,0.326991811375804,0.2797142159054756,0.2922798775121676,,0
35.994699525038676,-0.12920837843068383,-0.15172774624376767,-0.20142337259577664,,1
37.88687966271928,-0.3941349466655561,-0.019029205349365252,-0.14059590275051612,,1
-1.960407900400562,0.32541950276954373,0.19313600622044735,0.28287483194865737,,0
-2.0991410761066915,-0.6710410174719559,-0.16303928675652546,-0.3926330008489485,,1
0.1566666666666666,0.2390632659401544,1.3208565867315554,1.1666666666666667,eye_0_18.jpg,0
185.42443123304636,1.907827938344618,0.8921428155955763,3.0295561023066555,,1
28.845478778236785,1.8987037866481848,2.281029425083166,0.3403291172831047,,1
37.266133099754285,-0.07727460705150765,-0.6148163255603942,0.6179839738881099,,1
49.78413071343899,-0.5481692456040698,-0.8177858547149944,0.12290125739583228,,1
44.74814296712191,0.10277044505723716,0.0071111813453482685,0.20996413286402532,,1
-0.5394732132567674,0.21768432144715547,0.5222474433385023,0.251376221773095,,1
39.97412912997532,0.2357037448149292,0.9457871189312554,0.48616359986656893,,1
46.154577908433325,-0.8452260269157403,1.1067431421857197,-1.0382141485884673,,1
-5.405425138846107,0.30975695498481637,0.5007137762377679,-0.08712758905180609,,0
34.78003037009911,0.2837375477072468,-0.08276058886023697,0.03207020178200945,,1
34.269807259293735,0.7283706349608771,0.04138029443011829,0.14459722557853277,,1
3.3674813265285524,0.15069386290466594,0.40533733668482436,-0.35894672579882264,,1
-3.082162317559574,-0.8962163232256888,-0.22095084141244337,-0.47382614066376216,,1
54.874612733684415,-0.014890170711663882,0.29671927480756627,-0.21448394529738976,,1
13.903644521137629,-0.657133926762129,-0.29562202993733766,-0.8252117975853601,,1
80.26076827355273,-1.2525087026476043,3.126549376674659,-1.3300232082283439,,1
0.165,0.2569031188434381,2.0,0.4666666666666667,eye_0_39.jpg,0
43.06113514071287,-0.07953119971916287,-0.04977826941743394,0.0718643993627536,,1
-2.642355280571932,-0.31403840739653605,0.3807221272046753,-0.4634431954146046,,1
50.754315435168216,-0.2336567646556174,2.055131408805509,0.10038499649888581,,1
0.415,0.2156192959435914,1.0009194507097576,1.4666666666666666,eye_1_32.jpg,1
0.9046615307778285,-0.7918896474256809,-0.6207044164517762,-0.005626351189825921,,1
-7.839272402281333,-0.01545700306769769,0.4673003368897036,-0.39705463849570777,,1
34.73562126964101,0.5802078359541353,0.22069490362729796,-0.14065877974565397,,1
37.16913475790428,0.18213918553275812,0.49164546911723106,-0.04952756506976141,,1
-7.6485458821821455,0.2365840665158346,0.626027054645588,-0.3013444689376321,,1
35.281478670693495,0.612473758003455,0.13793431476706117,-0.13615769879379305,,1
94.15731017328586,-1.024456393104945,1.009903117244469,-1.2971527624298291,,1
-4.481234058601824,-0.034639168064073814,0.5105894417322173,-0.27478904617007344,,1
-5.636135851162218,-0.4529518727596369,0.14984690137793327,-0.1846112563552391,,1
4.086307289841151,2.036564642619314,1.3724579996521211,1.855152262400915,,1
0.10963147441299363,-0.03257106665258693,-0.6186727770452563,0.06135681094417854,,0
51.643943487033575,0.21920275661863275,-0.43451515370976285,1.769178576967228,,1
-4.599458567217844,0.052073651571183856,0.5971676514172455,-0.26261781073494245,,1
73.84388028125547,0.4087499093691852,-0.05517372590682472,0.02419331011625271,,1
2.6596710856963623,-0.042685556851541705,0.09244535748952178,-0.49104212306090866,,1
-0.7837122004108242,0.1064591943057416,0.6766782557542836,0.13512240794733923,,1
26.06267810925279,-0.2077936142725062,0.5789371694061786,-0.48494570540904147,,1
-2.934302312919671,-0.9877206831434477,-0.4043374311561832,-0.6792693883770023,,1
0.37981710397796903,1.1066335973035035,0.2631137097778684,0.9514996584034627,,1
0.1283333333333333,0.289536670292895,1.808817972974265,1.0333333333333334,eye_0_12.jpg,0
1.9670825704734693,0.2045174000348184,-0.6186727770452564,0.6032481565306909,,0
-2.1743285171854625,-0.7431114576893133,-0.19199506408448438,-0.5402568914213369,,1
49.10496135105587,0.07941078912155579,-1.2729014608172526,0.5432047941388335,,1
68.99376445194693,0.050352201224947594,-0.20690147215059218,-0.07989418689553139,,1
-5.921558288000557,0.4754196884535148,0.5748935949396595,0.009744532986058011,,0
36.09860611912257,0.11343714298953683,0.013793431476705942,-0.27850438389639515,,1
1.3048081890047287,-1.9086009338794379,-1.354759853914054,-1.1755694971690547,,1
0.3216666666666666,0.238729662555482,1.024220323928403,4.0,eye_1_45.jpg,1
35.08853985593214,0.2954574566130535,-0.1379343147670615,0.002813175594913341,,1
-6.607583875941724,0.4130757075685576,0.7126052643306161,-0.11766946146201844,,1
-0.9013936748390813,-0.09906705610514953,0.5125955175625161,0.23292323545154645,,1
0.8321088317161572,-0.44853972355556526,-0.2206949036272982,-0.18229377855036769,,1
0.6671132428154791,-0.02412814065526061,-0.12443158365258028,0.17571897785474594,,0
-4.633961857286039,0.012294243832797307,0.3951518288188466,-0.26704371452953546,,1
98.50116191066283,-1.4351733120004557,4.16412107247377,-1.5064502948611895,,1
28.638766854426915,-0.18333692699484874,0.682067677316591,-0.5095376505162229,,1
36.922463477967874,0.5284548760976093,0.7186119911023849,0.0037571005945098972,,1
-6.959664017242171,0.32038811522951066,0.7991834740156443,-0.18516449432956325,,1
-3.054905483287536,-0.9454106734636062,-0.30781817339632017,-0.5660910722715047,,1
56.40483196872978,0.2746707442862712,0.5563486402641867,-0.11016012156430537,,1
-4.136900673638547,-0.1391473517090139,-0.20331961109062005,0.5914566200416608,,1
-4.677654749120761,0.08941598096986689,0.43844093366136067,-0.18959039812415626,,1
-2.5926488054500805,-0.9129251914551857,-0.32712202494829273,-0.6872656824496733,,1
40.13666974813156,2.604300941832975,1.1186453957208782,4.1820634790809965,,1
-3.598073864290936,0.13941539464894567,0.3662924255905037,-0.14477812220390113,,0
6.875674688212527,-0.0010524269595172683,-0.16088328159008664,0.6208904101970703,,0
50.856661511304395,-0.24654069859952416,2.055131408805509,0.04634597034621417,,1
0.7491536787172294,0.20648916244964258,0.3439965439270843,0.023133552484611124,,0
96.09713653588415,-1.0306751577526283,0.9130630923032188,-1.3199608268614516,,1
38.772213664430886,0.2013867244970467,0.29155843515925955,-0.1863220589222328,,1
0.0010775190635991091,0.2336760708685194,0.49329166601054353,0.1591112901653523,,1
30.17201800636211,1.191696705725516,2.447934017162422,-0.40077648767789753,,1
95.07870142010425,-0.9896498745544783,2.822195012573585,-1.0402266248618455,,1
-12.239056152537959,-0.3445299371362836,-0.21076137463380606,0.2137000393853862,,1
66.85294910739813,-1.560198326633733,2.6146806734137624,-1.6909272865875487,,1
0.2266666666666666,0.2369017872034027,1.0579339914819217,1.0333333333333334,eye_1_28.jpg,1
-2.7064339427602326,0.5770899580913438,0.649073413641551,0.11542321157281889,,0
-13.774988093391247,-0.6020165979655231,-0.6275001330522268,0.39573872588548503,,1
32.37459696167913,1.2200048984482057,2.355209243785058,-0.3242271884451797,,1
-0.1748529566922837,0.32173826050724036,0.6380705526503382,0.28643689578403714,,1
-2.7524544782987603,-0.17708958243000977,-0.08582388054863502,-0.06663024250159134,,1
1.685680932564803,0.042565146253934705,-0.10666772018021624,-0.11577110811180061,,1
-0.04970081669692784,0.2680977736588988,0.5222474433385024,0.19786256144060424,,1
-3.752174537798107,0.08671073859272944,-0.2743665425826636,0.5104458304565808,,0
-2.5475839887342935,-0.5490199286021435,-0.25418474381886474,-0.4966374738740526,,0
5.205104122124289,0.18814155876032004,0.3768926113034332,-0.25387084161307233,,1
-3.721810267749123,-0.11184390608352753,-0.23308666526336444,0.6824759632917101,,1
0.13673297104438079,0.3123440041206991,0.010695377211228018,0.4051511077859994,,0
-2.9686143322461818,-0.3938330691642481,-0.19646593736217932,-0.445186342261908,,0
36.62333172616997,0.328985306500943,0.6334995453579523,-0.14059590275051598,,1
12.580023826814562,-0.5787200379836439,0.21798039171973513,-0.8276959403403833,,1
10.175797419833087,-0.5000122071019767,0.6562850503389878,-1.053634436012613,,1
35.44797727789794,1.4171654801576432,2.077034923652964,0.0070348232787051605,,1
-0.12790755943731097,-0.03124655007891426,-0.7040069531894296,0.21146521692382186,,0
21.939966838704663,-0.07021221296388824,0.3639768005005822,-0.03499538352496016,,1
35.73171782889979,0.3556846012224313,-0.019029205349365353,0.5840755502835737,,1
-7.228304829619533,0.30843856982193213,0.7703240707873018,-0.21780553481468734,,1
84.3439678863544,-1.088964474151811,3.569246633548947,-1.0777928486315766,,1
48.37732280975892,0.17224735987624826,-0.27733607246856284,0.05685355876478929,,1
92.32223513494567,-1.1040937075484136,1.6186118454466152,-1.3655769557246968,,1
110.24276937724771,-1.4864085073067435,0.7747201995300039,-1.348135494688751,,1
47.70115773532502,0.22269940027341587,1.6000158027032507,0.11089258491746083,,1
0.245,0.2366822203082394,1.0625409082939037,1.8333333333333333,eye_1_25.jpg,1
41.68471455484485,0.4087359527792913,0.9643376431245906,-0.2551295909076824,,1
-5.612626256458889,-0.3752012121800632,0.16427660299210467,-0.11877593741066664,,1
26.865041586810207,0.3470719255058222,0.09445405564321156,0.4968824610147661,,1
1.9877120143913278,3.1710732932687464,1.6569052534660331,3.419281852708798,,1
108.85813432572417,1.2905760267850515,0.853067915071753,1.2948243616981434,,1
0.8533333333333334,0.1367629301250115,1.272830170165756,12.0,eye_1_14.jpg,1
-11.023016653594299,-0.6009547973023097,-0.4265725173862026,0.022717255571698614,,1
-1.8797180126928485,-0.24586127612995556,-0.0182604001167309,0.13450730840328762,,1
-13.112207590841981,-0.4697465724909446,-0.5977330788794826,0.46676538102280707,,1
0.09,0.2806025251122038,1.0663283244513395,0.7333333333333333,eye_0_29.jpg,0
-4.556329454632601,0.013552090717805566,0.5683082481889027,-0.22942353227549417,,1
43.31890304675447,0.504339788075265,0.7466740412615176,0.3240465214085543,,1
0.0666666666666666,0.29381351882646,2.0010127392882726,0.7666666666666667,eye_0_28.jpg,0
0.1016666666666666,0.2882465348283134,1.8781009159612607,0.3333333333333333,eye_0_6.jpg,0
-1.565506256959828,-0.37917366256186297,0.08791078341911848,0.027479987738306167,,1
0.165,0.2582683949682758,2.0,0.4666666666666667,eye_0_40.jpg,0
57.523069102032174,0.6586255272714855,1.2796018726076297,0.04768046888899787,,1
17.059154625903805,1.1232187888223895,2.410844107811476,-0.43871242358083734,,1
48.23331727406046,0.24955096353968867,0.177779533633695,0.08237198778132865,,1
0.7436784241089502,-0.5506724878914099,-0.6070636715635641,-0.4337124864357467,,0
-11.15095414254566,-0.7376995541432869,-0.6795924778545295,0.18528937733045747,,1
7.108959714837715,-1.1871652651555284,0.26285149626910864,-0.814829282243458,,1
2.3538345724675147,0.21198285708642792,-0.04977826941743394,-0.10226135157363286,,1
36.03258707076148,0.2030534944415243,0.27668578554643014,0.18067564765442162,,0
48.436407139426585,0.29097220911636085,1.7991288803729888,0.2564977387177147,,1
-2.9208058518902518,-0.2858154679141628,-0.052168921220465826,-0.4169712055713769,,0
0.205,0.2653169505205416,1.5092629647982203,2.6333333333333333,eye_1_43.jpg,1
34.44637356231991,0.3268552372619432,-0.16552117772047376,-0.0990237809409404,,1
109.97335878074453,-1.4880792201971655,1.7984576060517936,-1.3481354946887507,,1
-0.20462466848195895,0.2584883816299179,0.010695377211228038,0.35840354243807643,,0
33.001846172728406,0.6304289565822611,0.7611682139746013,0.532728508825276,,1
8.734060138358522,0.05734151439909238,-0.1325124663419423,0.6383290280508318,,1
-0.1103167615705651,0.1634701395523078,0.7152859588582285,0.21016455232163653,,1
10.045939037170065,-0.4209161748349496,0.8625460661598123,-1.092571682432317,,1
0.25363227626330803,-0.4961301932483802,-0.27188952085472384,-0.4449837946098716,,0
10.01378216279024,-0.4044176159571649,0.8367634391822094,-1.073615391412198,,1
-1.4646522718039956,-0.3164974787310469,0.13617041229905003,0.11113352572932615,,1
41.67855177097435,0.4419283055139944,0.9828825978000634,-0.2537747360540059,,1
8.013747664879567,-1.7027571492924876,-1.2774119729812448,-1.1284349357136236,,1
76.77629780174448,-1.3524730239245462,3.223389401615909,-1.4179013388325368,,1
26.744703688091224,0.4001260079201343,0.20793731663578854,0.5317596967222892,,1
1.5535497162362957,-0.03772202196029371,0.41924578791113387,-0.46992186465007285,,0
0.145,0.2496748371570475,1.4736216605425605,1.2333333333333334,eye_0_15.jpg,0
25.217359274591114,0.00614398285193243,-0.5963027109421214,2.02655296652603,,1
-7.978695010677812,0.11677415071879675,0.23642511106296143,-0.02527871974988729,,1
-2.64102321417169,-0.9376657903357708,-0.3753816538282243,-0.7789155145133643,,1
37.10147145542172,0.8087974706732354,0.576757914861664,0.6092646649612291,,1
1.4645462307583865,0.03399799130507792,0.4004334769151215,-0.32490556549281285,,0
9.317763184458071,-0.11448136614725893,-0.24599572733451935,0.4532859163803625,,1
38.68300174602291,0.09983626104946482,-0.0551737259068247,-0.2751285731824994,,1
35.40239983579629,0.3236720521270327,-0.013793431476706324,-0.13953350950768872,,1
52.77282963605547,-1.336972520996738,1.2312517456816134,-1.5587746779690292,,1
0.01343000569434648,0.15292849307275397,0.5029435917865297,0.12405061615441011,,1
8.115240694768026,-0.03757017199793978,-0.203439504462303,0.5259468241043687,,1
-4.806891666806547,0.49687124555578777,-0.18099432046106181,1.1144232512009042,,0
41.479185712763645,0.41591267769490287,0.9272477337736444,-0.32625947072569444,,1
0.681247328214654,0.7690022816145828,0.7466740412615175,0.7338424697329803,,1
0.0816666666666666,0.2767467206028323,2.0,0.5333333333333333,eye_0_48.jpg,0
34.59565234578752,0.45461671335857695,0.16552117772047342,-0.22674195294999439,,1
0.7036899172999375,0.027862972934374963,-0.01826040011673087,0.16895288287017826,,0
40.49061264948862,0.43638574394954416,0.24828176658071016,-0.11927864522431457,,1
15.122615749789164,-0.6733455029975205,-0.25799740794531273,-0.9738535042215514,,1
-3.4986512778634538,0.03727397997939318,-0.18925409683823086,0.7129275599808115,,0
13.535274808751382,0.9028335278721538,2.447934017162422,-0.5139068679598787,,1
16.383258437654934,-0.24172427469525992,-0.9884542070033409,0.20095762850524673,,0
36.05932543785162,1.0879332246539661,1.613411056766142,0.06664843684046756,,1
-0.9567209802270992,-0.2355347652928418,0.39677240825068044,0.22246654320266898,,1
0.2766666666666666,0.2546737203953914,1.5092629647982203,3.4,eye_1_42.jpg,1
-2.137603908729378,-0.6565552175476713,-0.1533873609805392,-0.4399956657409232,,1
47.9017178886171,-1.1605266762915705,1.1067431421857197,-1.3461230184153719,,1
1.1072505104780326,0.14514455797492143,0.43805809890714625,-0.17988926633555283,,0
83.44009358339187,-1.2024801333177337,3.2510579801705517,-1.2361076488040157,,1
36.67467940732115,0.5016346697424844,1.2054220539057379,-0.4495512624102488,,1
6.715459817120197,-0.08362516003778739,-0.7040069531894294,0.23097930970117542,,0
-3.9493830871222757,0.1301186242044393,-0.24599572733451938,0.8456548180899962,,0
-0.0500336681330858,0.1174311120701752,0.6477224784263244,0.15357539426888772,,1
0.9390972107317404,0.2770419422260662,0.47568272089917113,0.008631922568885177,,0
103.04050274147113,-1.1737067446493479,0.7470516209753608,-1.1623168521134721,,1
0.1416666666666666,0.2611022476675605,2.0,0.4666666666666667,eye_0_42.jpg,0
-1.371749737623046,-0.2906094897574489,0.15547426385102273,0.10744292846501648,,1
-3.8903798457276926,0.17287035746668297,-0.3744801725839,0.8545183057354452,,0
29.384722366905613,1.8491644493834782,2.2624844704076934,0.33287741558788436,,1
45.108140994908105,0.6240377002476356,0.8901578244226988,0.13371375209745054,,1
29.206705751206627,0.3382008695177149,0.3923476157487263,0.28471261046066765,,1
-6.01942335950326,-0.29682475019619764,-0.31494606423841126,0.4288844982829019,,1
0.505,0.2204241137555877,1.5092629647982203,2.2,eye_1_37.jpg,1
9.994395721776566,-0.5076791844628297,0.6305024233613847,-1.0761770523608627,,1
33.487351012186146,0.8351520272137825,0.19310804067388573,0.3358931660326225,,1
34.047484643326605,1.207744660050703,2.0028551049510726,-0.1873868482238613,,1
0.0875079419859237,0.10473810916622267,0.3774685566987077,0.08345404624700331,,1
-0.2508170511220888,0.324391600097332,0.49329166601054353,0.16218678788561036,,1
-1.1324295550255434,-0.23603674845853487,0.17477811540299534,0.10006173393639707,,1
-2.67765327490615,0.10226061336299463,-0.1437855027451314,0.784017773969511,,1
-6.049837064430863,0.25340776860282016,0.409581530433018,-0.04685500074852873,,1
-4.25314547510007,0.37248888215079423,-0.285179010065667,0.9197576037875038,,0
36.975352198579245,0.5334502280132427,0.5909433224857358,0.10741999561409234,,1
-4.9904394767324325,-0.34933673560708056,0.4384409336613605,-0.3754783574970666,,1
40.5273186843552,0.26520434122854736,0.9173423935498645,0.45163866649125095,,1
-4.618627061700175,0.03949518272110116,0.452870635275532,-0.2830876157849354,,1
33.23029950209818,1.7249672376494238,2.1326697876793825,0.15268172004892044,,1
50.15365813119093,0.21788297636915158,0.9742318443126466,0.35106603448489004,,1
-2.4589904620862466,-0.15069961029071885,-0.09547580632462131,-0.06355474478133322,,1
1.3531917349759446,0.15979982289171532,0.513307342891196,-0.2161433411248678,,0
0.3633333333333333,0.2340995731617553,1.024220323928403,4.033333333333333,eye_1_46.jpg,1
15.051011501701081,0.9981244864738839,2.4108441078114757,-0.4983260371425998,,1
32.70861984746027,1.8113869668415787,2.1883046517058014,0.2116179061838448,,1
-3.6665247878201845,-0.002430455074174733,-0.2601811349585914,0.7080834994658777,,0
0.1083333333333333,0.2671901333775113,1.3154328386210072,0.6333333333333333,eye_0_34.jpg,0
59.0623914511865,0.26087649082925346,0.16552117772047342,-0.09227215951314892,,1
-4.997385033828572,0.47828973394955393,-0.16611079337468967,1.0049895899522898,,0
0.15944954369365813,-0.18122960295097934,-0.30273735783080785,0.4484418558654287,,0
-3.22514050113583,-0.31154935895492974,-0.13408350942856656,-0.10907211104115294,,1
-2.391868160027834,0.1769935703385678,0.13541719976376193,0.17001428518653325,,0
43.77265355717265,-0.26029785164239777,0.6047197963837818,-0.5136363080340867,,1
-1.1513230863524657,-0.950239225098006,-0.7094928718496104,-0.8856352555675515,,1
35.0429536467872,0.34060080943542026,0.1931080406738857,-0.23855729044862933,,1
-5.460969638348691,-0.023711623250564487,0.4095815304330178,-0.2371688639160321,,1
-1.010236094462702,-0.28939038778362314,0.416076259802653,0.19601726280844944,,1
-3.713203901558152,0.18782355150572014,-0.2176249120863751,0.6305785312269377,,0
-3.899063859010246,0.03477630402157663,-0.21762491208637508,0.6790191363762754,,0
75.11874146989288,1.5357807947351105,1.8174055581963438,1.1674680054525601,,1
-1.2631928034396518,-0.046613481500379285,-0.17506868921415875,0.5966701076224016,,0
31.04260814198341,-0.3750148065746837,0.37816220812465423,-0.3266078265239723,,1
0.0966666666666666,0.2790415747188496,1.0663283244513395,0.7333333333333333,eye_0_30.jpg,0
-3.7448943090499833,0.1198695401016745,-0.34529358070302424,0.7168028083927586,,0
29.156386523094604,-0.2630500222587658,-0.5155184721918893,0.37287451183246195,,1
36.0590172986581,1.1784396999786224,1.9101303315737084,-0.11693439583268737,,1
15.64021360345344,0.13287468043375408,0.09445405564321166,0.446504231659455,,1
47.87707978792417,0.4639568639355242,0.70470827766797,-0.027513975490043602,,1
96.95266407380448,-1.0037581167402674,4.523812593684128,-1.0415682757107645,,1
73.36137272953117,0.6845294942391555,0.05517372590682433,0.23518147973473405,,1
64.24723418708044,0.7322772712628126,0.06896715738353044,0.13953350950768917,,1
-0.9102241414097301,-0.46014909875364135,-0.24889134708717175,-0.8738185583089988,,1
-9.292986100409617,-0.5804013701786797,-0.44145604447257464,0.08585206013820691,,1
31.6470803257665,1.764040517745531,2.1883046517058014,0.20890819647649192,,1
13.480126909010208,-0.34900452591052444,-0.3878498035752405,0.15198535235148272,,1
0.135,0.2579224388659315,1.3154328386210072,0.5666666666666667,eye_0_38.jpg,0
33.54143959758933,-0.3246306536325206,0.4349038386209427,-0.23263305253425745,,1
52.0199641975764,0.18853137412674287,0.27586862953412244,-0.17385425176562835,,1
-2.2103504392763242,-0.769214582305351,-0.1919950640844844,-0.5931554522097761,,1
50.79972108013106,-1.301052193852656,1.1482460100176841,-1.460834165997944,,1
-11.238649298719482,-0.797160391283235,-0.6944760049409019,0.1337292869344757,,1
-0.4758041039549999,-0.25232040728464117,-0.3057807978499541,-0.7327166566881339,,1
0.6633779100319299,-0.13664408165131375,-0.21129891563645706,0.09329563895182916,,0
-2.5224171524207715,-0.9038177825918976,-0.20164698986047075,-0.6694277956721765,,1
-1.5825066694739165,0.38422384464368037,0.17870630460627598,0.4278231812215813,,0
-11.96759092464877,-0.3620496480793039,-0.2479701923497365,0.12952029996337516,,1
37.786445617559494,0.2690888471296847,1.0385174618264819,-0.5071325936914967,,1
40.39633172976995,0.26881665915674546,1.05956602045682,0.4141115649963402,,1
38.37905251481189,0.6320954321358729,0.6897845904987355,0.37658446350142943,,1
60.437757733585585,0.9581541157633257,1.576321147415196,0.35794223038089823,,1
1.972130464771015,-0.20217225129210437,0.21231036695499744,-0.44696095061684,,0
35.21748676208158,0.5382476682666791,0.17931460919717956,-0.22111560176016823,,1
50.57505958753245,0.18874361174835314,1.7991288803729881,0.28651941991364344,,1
-0.631081325185992,0.12295292689279848,0.43538011135462557,0.18986626736793316,,1
-11.838484166948426,-0.5747889952445518,-0.3670384090407139,0.02166500882892346,,1
65.5501864935331,0.5935193374273973,0.027586862953412058,0.06807884939689685,,1
1.0269407282362606,1.7267481749775193,0.5475609635917795,1.8176251609060043,,1
36.652024392412585,0.12365911741698245,0.6476849529820243,-0.1502840237803835,,1
-12.461899288281883,-0.10334950077782071,-0.5456407340771798,0.8408390980793686,,0
1.4511296604650759,-1.8957902881625697,-1.328977226936451,-1.1540515452002709,,1
50.48032437420092,-0.23955688393834104,0.8604529427870822,0.5146841970027013,,1
-2.695536882715766,-0.8673164352579327,-0.1533873609805392,-0.462754348870833,,1
67.32220359532216,1.3194822799173758,1.743225739494452,0.8030120498136025,,1
27.457951981032366,0.46205114632255345,0.25049353950800496,0.43875373483556096,,1
0.7567982131135694,-0.11405483919512727,-0.21129891563645697,0.1406583038438038,,0
-6.119785593791076,0.3344157440841439,-0.23308666526336436,0.9839446550967874,,0
15.51141407479627,-0.244132486647392,-0.9600094816219497,0.20846304880422886,,0
-12.222101755677686,-0.31297928885794357,-0.19587784754743393,0.2621033895530426,,1
4.263560278844119,0.09398047143195493,-0.36267024861273633,-0.3844651548153619,,1
-4.366448603407635,0.038630412987657965,0.6837458611022734,-0.22997677024981825,,1
39.133630171651,1.0808561764732938,1.40941655533594,0.1635205588783317,,1
65.30663200523757,0.08088184047340709,-0.16552117772047373,-0.03375810713895679,,1
38.50883775421744,0.5779106632129006,0.2915584351592596,0.3795866316210222,,1
-11.730814002979455,-0.5563591694473485,-0.6051748424226685,0.34838762246060384,,1
0.0883333333333333,0.2941417863325982,2.0010127392882726,0.5333333333333333,eye_0_26.jpg,0
0.33134792506416294,-0.2199299565284643,-0.7324516785708207,0.08837632402051447,,0
9.949838920528524,-0.803038112880652,-0.12631123097322586,-1.0246092089265921,,1
40.24050932813796,0.34985299134599074,1.0880107458382111,0.4996733564047368,,1
1.5470831151749114,2.5676957886620486,1.372457999652122,2.730284269262235,,1
-2.397301995918323,-0.8371974453163505,-0.1823431383084982,-0.578393063152537,,1
35.48629558220387,0.3501503648401515,-0.15172774624376756,0.003375810713895951,,1
-4.6415728771540214,-0.43125401399324415,0.06326869169290507,-0.3334322714484321,,1
-1.0358829220197323,-1.0218295457534945,-0.7471174938416353,-0.8795929097693324,,1
-3.698327453707022,0.08405831627933705,-0.4265725173862025,0.7787565402556353,,0
-3.1896698048180943,0.2544856615522745,-0.1325124663419424,0.6635181427284873,,0
108.2405826945226,-1.2980820376030158,0.4288629675969665,-1.1643293283868512,,1
